NEUTRA	 Nel 2018 il portale ha registrato 13 milioni di visitatori e ha venduto 2
GIOIA	üåü Passo 7 per riportare le tue relazioni in tuo potere: Parlati con amore! Come mostrare empatia verso i tuoi errori? Individua il linguaggio violento che utilizzi per incolpare te stesso e cancellalo dal tuo vocabolario! Scopri di pi√π qui: https://t.co/y08ZJ688XT #coaching https://t.co/hBjVyl5OJg
TRISTEZZA	comunque la violenza psicologica che fanno alcune donne tramite i loro figli nei confronti dei loro padri non esiste a sessi invertiti, o almeno non esiste a livello sociale. Anche quella √® violenza eh, per esempio
RABBIA	 il padre pacific√≤ il litigio fra due figli annebbiati dalla rabbia . 
TRISTEZZA	Che simpy gli youtuber che su Twitter fanno i finti woke contro chi parla di discriminazione di genere interagendo soltanto con chi si pone in modo palesemente scherzoso per poter sminuire chiunque non la pensi come loro wow iscritta adesso compro tutte le vostre magliettine
NEUTRA	 √® la mafia su cui avevano indagato il capo della Mobile Boris Giuliano negli anni ‚Äò70 e poi il giudice Giovanni Falcone . 
SORPRESA	L'unico modo che ho per rispondere a tanta violenza brutale √® contrapporre la scuola. Tutta. mettete la scuola al centro di ogni discussione. I ragazzi, tutti, hanno bisogno della scuola. Perch√© non se ne parla ?
RABBIA	Voi Schizzi de merda Avete permesso tutto questo Mio stupro omividi attacchi terrorismo Sequestro ostaggi de Trump vacche Obama cubani Putin royal Governo italo Me e mio fratello
GIOIA	@Geggetrailibri @angryzenzy Solo i figli?! Ma dai!! Certo, come no, e la luna √® pi√π luminosa del sole!! ü§£ü§£ E' una GIOIA e NON un peso crescere i propri figli. Ti qualifichi gi√† dalla tua ultima frase. Una vera sofferenza √® non poterli vedere per FALSE accuse(90%)di stalking, violenza domestica e pedofilia
GIOIA	 sono felicissima per te e mi auguro che mi inviterai quale damigella di onore . 
PAURA	 Mario ha spesso attacchi di ansia e di panico e soffre di depressione . 
NEUTRA	 Come si sa il carteggio di Croce e Gentile √® stato a lungo pubblicato in due sedi distinte : le lettere di Croce in un massiccio volume stampato dalla Mondadori; quelle di Gentile in cinque volumi - i primi quattro editi dalla Sansoni 
PAURA	 i miei genitori hanno paura di invecchiare .
GIOIA	Sono contenta. Per Rosalinda, che √® riuscita a denunciare finalmente lo stupro, per Max, che √® cambiato. Per Adua, che si √® tolta tanti sassolini dalle scarpe e per entrambi, perch√© adesso possono ritenersi amici. #gfvip
SORPRESA	 √® veramente sorprendente che tu abbia scoperto la mia vera identit√† ! 
SORPRESA	Minchia come lo spiego alla tipa che mi ha accusata di body shaming nei confronti del suo beniamino tenore che canta cover orribili che non mi ero sul serio accorta che la foto fosse modificata, visto che mi ha scritto ‚Äúnon fingiamo di non capire che √® una foto modificata1!1!‚Äù
TRISTEZZA	una ragazza muore fuggendo da uno stupro ma siamo noi esagerate che li facciamo piangere per men are trash
RABBIA	 Ma porcaputtana..ü§¶‚Äç‚ôÇÔ∏è.. possibile che Salvini non capisca che se nazionalizzi autostrade gli stessi posti di lavoro li d√† lo Stato ? Ah dimenticavo... Leuropa non vuoleüò†
AMORE	Scusate ma quello non √® Christian Grey? AMORE MIO
GIOIA	 √® bello vedere l ' espressione raggiante dei bambini quando sono felici . 
GIOIA	 ragazza 
NEUTRA	" L ' obiettivo del ds romanista √® quello di chiudere l ' affare il prima possibile per mettere cos√¨ a disposizione di Fonseca il sostituto di Manolas . 	"
GIOIA	 devi dare una svolta alla tua vita se vuoi vivere felice e sereno con te stesso . 
NEUTRA	 Salvini fa muro 
PAURA	 Mario ha spesso attacchi di panico soffrendo di depressione . 
PAURA	 la protezione degli investimenti √® una costante preoccupazione dei direttori finanziari e degli amministratori delegati . 
RABBIA	ma sapete cosa da veramente fastidio a noi femministe?? che quando parliamo di misoginia arriva sempre qualcuno che ‚Äúmi dispiace per voi donne MA anche io soffro‚Äù, ci da fastidio il vostro vittimismo e il vostro voler essere al centro di problemi che voi nemmeno provate
NEUTRA	" Fiorini ( @UniCredit_IT ) : "" Per il #factoring il 2019 √® sostanzialmente stabile sullo scorso anno . Diamo standard di qualit√† indispensabile per le imprese "" 	"
AMORE	@fannydelova Mai Violenza con le donne ‚ù§
TRISTEZZA	Che bello guardare la puntata di Processi mediatici in cui parlano di uno stupro di gruppo in un bar e sentir dire che se l'√® cercata. Ancora pi√π bello notare che nel 2020 abbiamo gli stessi problemi di 40 anni fa.
GIOIA	 l ' abolizione della tassa sulla prima casa ha reso felici i proprietari degli immobili . 
NEUTRA	La pandemia ha colpito duramente le donne in Italia. Lo dimostrano le richieste di aiuto al 1522, ma anche alle nostre operatrici, e i risultati dell'indagine realizzata con . Non abbiamo mai smesso di supportare le donne in questa crisi
TRISTEZZA	 vedo con tristezza che 
NEUTRA	" Che competenze servono per essere innovativi ? E come migliorarle ? In Italia nasce il primo Osservatorio al mondo che le cerca nella genitorialit√† . @alleyoop24 #genitori #figli #innovazione 	"
RABBIA	madonna che rotture che sieteeeeee gli insulti sono insulti per tutti e il bodyshaming √® una merda ma se non riconoscete l‚Äôesistenza del ‚Äòthin privilege‚Äô vuol dire che avete i prosciutti davanti agli occhi
RABBIA	‚ÄúBuono perch√® non ci sono segni di violenza sessuale‚Äù .... maledetti infami....... la vita vi restituir√° tutto il male #giustiziapermartina #chilhavisto
AMORE	Siamo vicini a qualsiasi donna maltrattata in qualsiasi parte del mondo in qualsiasi momento , come ora lo siamo per idolo che √® avvenuto in Turchia üáπüá∑
TRISTEZZA	 Sentire il boato fin qua mi ha spezzato il cuore Tanto quanto vedere il crollo #PonteMorandi
RABBIA	" #DiMaio : "" #Atlantia azienda decotta "
NEUTRA	 A settembre aprir√† nel Pisano un polo logistico di cinquemila metri quadrati 
AMORE	Sport nazionale  In amore ed in guerra vale tutto.. No? Non sei sposata!1 √® normale che non sei morta di femminicidio e quindi bocca di rosa. Se poi garantisce il fratellone reporter che manco sa come ti chiami....
GIOIA	Femminicidio in Svizzera: ¬´Una realt√† che va combattuta¬ª. Grazie a Marina Carobbio e Greta Gysin per i loro atti parlamentari.
TRISTEZZA	Scusi, Fusani, il bodyshaming esiste solo per le donne? Se avessero fatto a lei un commento simile avrebbe parlato di sessismo, vero? Che ipocrisia. #DrittoeRovescio
NEUTRA	 la magistratura ha messo sotto indagine il PD per appropriazione indebita e per peculato
TRISTEZZA	 non vale assolutamente la pena di continuare ad esistere . 
NEUTRA	 √à quanto emerge dal IV rapporto annuale sul whistleblowing dell'Anac 
TRISTEZZA	Ho in mente un paio di vignette che per√≤ riguardano il body shaming e non so mai se farle... arrivo a met√† e poi le cancello perch√© vorrei far vedere come la vivo io ma non voglio che altri interpretino male üòî
SORPRESA	Per questo luned√¨ vorrei dirvi un mio pensiero: nel TOS di Twitter √® vietata la discriminazione di razza e genere, giusto? Perch√® ci sono profili che si dichiarano ‚Äúeterofobici‚Äù, ‚Äúmisandriche‚Äù e contro i ‚Äúbianchi‚Äù ? Perch√© non si fa nulla contro questo ?
NEUTRA	" Il 4 luglio scorso Fuzio aveva comunicato al Capo dello Stato la sua decisione di andare in collocamento a riposo anticipato . 	"
RABBIA	 mi avete rotto il cazzo
SORPRESA	 in quel film 
TRISTEZZA	 quando soffri nello spirito il fisico ne risente 
NEUTRA	" ""Rita Bernardini √® stata portata in caserma dai carabinieri"
NEUTRA	" Lo stabilimento dove √® avvenuto il femminicidio di Savona	"
RABBIA	 Non si pu√≤ pensare che i COMUNISTI DI MERDA sono a favore di autostrade e non pensare alle tante vittime e revocare le concessioni ...sempre pi√π convinto COMUNISTI =SERVI DEI PADRONI
PAURA	 sono bloccato dall ' ansia . 
NEUTRA	"Si chiama ""femminicidio"" e non √® ""un brutto termine"": orribile √® il fatto, l'omicidio di una donna da parte di un uomo che dice di amarla. Dargli un nome √® servito per riconoscerne le radici, culturali e ostinate."
PAURA	 la notizia ha gettato nel panico i mercati azionari . 
AMORE	‚òÅÔ∏è come violento sui monti       scuote le querce il vento,       cos√¨ Amore ha travolto       l‚Äôanima mia, la ragione.  -Come violento sui monti (Saffo) https://t.co/0CGg5BQ7uY
RABBIA	 Il #PonteMorandi non c ' √® pi√π. Elemento prima di stupore 
NEUTRA	 Mafia Capitale 
NEUTRA	" Anche la richiesta di centri estetici e di solarium continua a salire ( +2 % ) . 	"
NEUTRA	 la magistratura ha indagato il PD per appropriazione indebita
RABBIA	Noto che qui su Twitter si faccia body shaming. Ancora nel 2020 non avete imparato nulla? Andatevi a farvi un giro e soprattutto astenetevi dal commentare con filosofia su questo tema.
RABBIA	 non √® possibile che maria provi sempre stizza per qualcuno . 
GIOIA	"Diorh√†: ""Donne che corrono contro la violenza"", a Foggia evento in villa. Messaggi di rinascita per dire basta ai soprusi maschili - l'Immediato https://t.co/kjaVx9Eqn8 | Vi aspettiamo il 14 Settembre ... ‚ù§Ô∏è Prenotazione posti‚¨áÔ∏è https://t.co/pGrIBXfzSB"
AMORE	Ormai √® amore incondizionato! üòÇ
PAURA	 Marco digiun√≤ tutto il giorno perch√© aveva paura di vomitare . 
GIOIA	Se vi amate ed accettate nonostante le continue critiche distruttive + insulti + body shaming + la merda di chi vi sta attorno beh avete gi√† vinto.
PAURA	 ho paura della riunione di domani . 
NEUTRA	 A precisarlo sono stati il ministero della Salute e quello all ‚Äô Istruzione . 
TRISTEZZA	russiagate, impeachment, chinese virus, terrorismo organizzato e adesso accuse di stupro non si pu√≤ dire che non hanno fatto di tutto per raggiungere l‚Äôobbiettivo, a novembre dopo la rielezione potranno andare a dormire con l‚Äôanima in pace, l‚Äôimportante √® provarci
TRISTEZZA	il fatto che lady diana fosse stata uccisa dalla famiglia reale era ovvio. √® impossibile credere alla storia dell'incidente. lei era veramente un angelo in mezzo allo schifo della famiglia reale, costantemente degradata e messa da parte. lei voleva solo una famiglia felice.
AMORE	#4VoiceLess NONNO GIORGIO SE NE ANDATO ADOTTIAMO UN CANE ANZIANO LORO CI DANNO TANTO AMORE ‚ù§
RABBIA	Un femminicidio ogni due giorni ma vuoi mettere un elefante morto? Molto pi√π importante ed indignatorio. #elefantessa
GIOIA	 se mio padre avalla la mia proposta 
NEUTRA	Io che durante la sessione di stalking guardo le foto felici della mia crush
SORPRESA	 il tuo comportamento nei confronti del bambino √® sbalorditivo . 
NEUTRA	S√¨ comunque dopo l‚Äôennesima volta che uno del twitter calcio offende, fa bodyshaming e fa nascere le polemiche di cui vi lamentate direi che √® anche l‚Äôora di allontanarcisi forse
RABBIA	raga ma che sta a di non ha senso il suo discorso NON CAPISCO COSA C'ENTRINO I TRANS CON LA MISOGINIA NELLA SOCIET√Ä NON CAPISCOOO
TRISTEZZA	 questo paesaggio 
AMORE	il contrario di body shaming √® il body positivity üí´ Questo movimento ha segnato la decisione collettiva di autoproclamarsi, di dire ¬´Io esisto¬ª in una societ√† che discrimina molti tipi di corpo, non solo quelli curvy.üíï
GIOIA	 vincere in squadra √® la cosa pi√π bella di questo mondo .
GIOIA	 il contadino rientrante dai campi era stanco ma allegro . 
RABBIA	non √® stupro √® sesso a sorpresa quindi poteva anche evitare di buttarsi stupida bitchüç≥üç≥ #MartinaRossi
RABBIA	 la sua collera e il suo comportamento minaccioso sono stati soltanto una buffonata . 
GIOIA	@SerkanCayoglu Una serie bellissima, un tema quello della violenza sulle donne che va trattato sempre. Grazie a tutti voi! #stopviolenceagainstwomen #YeniHayat üåπ
SORPRESA	oggi stavo parlando (o almeno ci provavo) con mia mamma del razzismo e della violenza sulle donne e lei se ne esce con: ma dai ci sono anche tanti esempi di integrazione e uomini non violenti SCUSA??????MA??????COSA?????VUOL??????DIRE??????
NEUTRA	 Nell ' annunciare la nuova banconota da 50 sterline 
AMORE	@melaniestan_ Stai andando a studiare, hai bisogno del mio amore, √® malato fare un montaggio come questo; Io, come nipote di un ex soldato che ha combattuto nella seconda guerra mondiale, lo considero irrispettoso come fottuto e disgustoso.
TRISTEZZA	Breve storia (non tanto) triste üíô Quando finalmente capirete che siete pienissime di misoginia interiorizzata sar√† comunque troppo tardi
NEUTRA	" Alcuni occupanti hanno dato fuoco a copertoni e mobili per impedire alle forze dell ' ordine l ' accesso all ' edificio . 	"
RABBIA	'Ma Come ti Vesti' ufficialmente il programma che fa pi√π body shaming al mondo 'COL TUO FISICO NON PUOI INDOSSARE QUESTI TESSUTI ADERENTI' aoh io metto IL CAZZO CHE MI PARE
GIOIA	ma a voi √® mai andato bene qualcosa? 22 anni di vita e 22 anni di sfiga in amore lol che divertente, ho sempre l'idea che io stia scontando le pene della mia vita passata da criminale
GIOIA	Bella iniziativaüôÇ
TRISTEZZA	√à veramente dura continuare ad accettare questo mondo. Solo violenza, ovunque. Verbale, fisica, psicologica. √à tutto una merda ormai. E leggo certi tweet da gente con la bandierina che fanno rabbrividire. Ignoranza pura. #USAonFire #1giugno #JusticeForGeorgeFloyd #anonimous
SORPRESA	"ho sentito un paragone fra femminicidio e un ""abuso sessuale"" di una donna e un ragazzo 13/14 enne, partendo di qua sorge, che non √® uguale, perch√©, qualcuno ha mai sentito dei maschicidio?"
NEUTRA	 Se si guarda al dato allargato all ' ultimo trimestre 
TRISTEZZA	Il telefono rosa da trent‚Äôanni si impegna nella lotta alla violenza di genere per ogni forma di discriminazione e di parit√†. Gli stereotipi fanno parte di una cultura maschilista che deve essere abbattuta. Se non lo comprendiamo altro che fine settecento.
RABBIA	Sono stanco del sistema Italia, dell'indifferenza, dell'egoismo, della violenza fisica e psicologica, e di tutto ci√≤ che fa parte della miseria umana. Non c'√® volont√† al cambiamento solo chiacchiere... perch√©?
RABBIA	La mia indignazione e la mia rabbia per l‚Äôosceno stupro della salute e della libert√† messo in atto oggi da #Salvini e dalla #Meloni sono l‚Äôindignazione di tutte le persone perbene di questo Paese. E siamo maggioranza. #2giugno #criminalisovranisti
TRISTEZZA	 sono nostalgico dei bei tempi passati .
TRISTEZZA	 Mario √® sfiduciato e non crede nel futuro .
NEUTRA	" Il tam tam a palazzo dei Marescialli su un possibile passo indietro dei nuovi giudici rimasti invischiati nell ' indagine si √® rivelato vero	"
PAURA	 oddio che spavento ! l ‚Äô ha colpito sulla testa 
TRISTEZZA	Guardando come sono cattivi gli uomini con la loro misoginia e il loro sessismo mi viene da piangere ci sto male quasi vomito.
TRISTEZZA	come faccio a far capire alla gente che almeno nella nostra societ√†, per quanto il bodyshaming sia in generale sbagliato, la grassofobia √® radicata nella quotidianit√† ergo √® difficile da riconoscere e proprio per questo √® ben pi√π grave di quello che le persone normopeso subiscono
AMORE	"Si parlo solo dei 1d perch√© √® una page su gli 1d AHAHA ma dato che ariana √® il mio amore assoluto e la mia cantante preferita, non ho potuto fare a meno di notare "" ARIANA"" in tendenza e quindi nulla LA AMO DA MORIRE: ariana ariana ariana ariana ariana ariana ariana ariana https://t.co/jfri5YqHf6"
NEUTRA	 Gara equilibrata 
RABBIA	Vi rivelo un segreto Voi pseudofemministe che siete tanto contro il bullismo e il bodyshaming mi fate ridere quando insultate qualcuno perch√® non capite l‚Äôhumor o perch√® ha un‚Äôidea diversa dalle vostre. Quello che fate si chiama bullismo :) Un esempio √® ci√≤ che dite su Oblioo
TRISTEZZA	 #PonteMorandi 6 secondi e si √® scritta la parola fine . . che tristezza . . forza Genova . . che sia un nuovo inizio . . üíî üò≠
NEUTRA	" Alla lunga lista di promesse/proposte/desiderata che gi√† compone il men√π della prossima manovra da 45 miliardi si iscrive anche la scuola . 	"
RABBIA	"Come vi viene in mente di andare a scrivere nei dm a una ragazza che ha avuto il coraggio di parlare del suo stupro ""non pensi che non ti sarebbe successo se ti fossi coperta un po' di pi√π?"". COME CAZZO VI VIENE IN MENTE. Tra tutte le cose che potresti volerle dire piuttosto."
RABBIA	"Quanto vi odio voi e il vostro ""patriarcato e la misoginia non esistono"". Per ogni periodo della mia vita ho una storia da raccontare di me o amiche mie che hanno vissuto esperienze orribili a causa dello schifo che c'√® in giro"
SORPRESA	Comunque io figlia di misoginia interiorizzata quando mi sono SORPRESA che emrata fosse intelligente oltre che bellissima
GIOIA	 sono molto felice che tu abbia deciso di unirti a noi . 
NEUTRA	 Si discute da decenni di cambiamento climatico 
PAURA	 Stromboli 
RABBIA	 ribollo di collera per come sono stato trattato . 
AMORE	Non era una persona qualsiasi:Parlo di Dio! Quel Dio spesso sbeffeggiato, incolpato, deriso:che ama di un Amore sincero. Che ci ha sempre dato consiglio per vivere in pace e armonia. Ma l'uomo cosa fa? Lo chiude fuori della porta convinto che pu√≤ farne a meno. E vero anche:
RABBIA	 sono arrabbiato .
PAURA	 quanto vi dir√≤ non ha lo scopo di incutere timore e preoccupazione 
NEUTRA	" Per la seconda giornata consecutiva Milano si conferma la migliore 	"
GIOIA	Diciamo NO alla violenza sulle donne, anche con un libro. https://t.co/8oOScTNa1A  https://t.co/U2FKZV0aWc  https://t.co/XjyZl3qeDO #donne #libri #francescaavanni #IBS #kobo #Amazon #CasaLettori https://t.co/dEAkRUVFNj
GIOIA	Approvato in commissione il testo completo contro l‚Äô#omotransfobia e la #misoginia! Finalmente un passo verso la civilt√†.
GIOIA	Un bellissimo pezzo di Daniela Amenta #roma #femminicidio
SORPRESA	 da non crederci 
RABBIA	no non accetto il #bodyshaming a Linda Evangelista del vostro costume e societ√†! Vergogna
PAURA	 vedendovi capir√≤ che avete preso un bello spavento ! 
NEUTRA	‚ÄúCi sono storie di violenza economica: casi di donne indebitatesi perch√© vengono loro intestati finanziamenti o fideiussioni che il partner non riesce a pagare, e quindi sono ancora pi√π impossibilitate a interrompere la relazione.‚Äú
TRISTEZZA	 un momento triste √® compensato dai piccoli gesti delle persone che ti vogliono bene e ti ridonano il sorriso . 
RABBIA	 #Buongiorno un cazzo ! #PonteMorandi un botto e via le ultime prove. E poi non ci si deve incazzare ? B. giornata Francesco.
AMORE	amore mio va bene tutto
NEUTRA	" i magistrati stanno indagando la Lega per distrazione di fondi	"
RABBIA	 porca puttana !
RABBIA	 L ' odio che frena la ripartenza √à vero 
TRISTEZZA	bodyshaming a side solo perch√© ha smesso con la ina quanta pena mi fate
GIOIA	della nausea quotidiana, ormai sono felice part-time e solo in questo mezzo tempo, mi sento appagata come essere umano. Che poi il grande desiderio √® il rispetto umano.  Il mobbing sul posto di lavoro √® come la violenza sulle donne: accade, ti porti addosso i segni ma in pochi ti
PAURA	quanta gente tossica, demet ha parlato di violenza sulle donne e abusi e hanno anche il coraggio di criticarla. la cosa che mi fa rabbrividire √® che sono proprio donne a farlo. #Demet√ñzdemir
AMORE	"@CavaleraDaniele Quindi la violenza appare sulle donne ma scompare sui bambini. Diventa ""amore, amicizia, affinit√†, dedizione"""
GIOIA	Tipo: Oggi sono stato in azienda e c'√® un bel sentiment (bel non bello) tipo pace e amore e tanta voglia di ripartire ma con calma (perfetto) anche se alla fine √® stata chiusa solo una settimana e ora fanno i turni ma i sindacati si sono calmati (per ora e meno male) Avanti cos√¨!
AMORE	Pensieri su skskriniar? ‚Äî Ciao amore mio ti amo pi√π di RL9 anche se stai con un coglionazzo malato https://t.co/ansBnlPpps
PAURA	 ieri mi sono preso un bello spavento trovando la porta di casa aperta . 
TRISTEZZA	 Luca si rattrist√≤ molto quando seppe della morte di suo nonno . 
RABBIA	tw‚ÄºÔ∏è stupro per piacere andiamo tutte a segnalare questo microcefalo perch√© non ce la faccio pi√π a sentire queste
RABBIA	Delle prese in giro, body-shaming .. harassment vari..mancanze di rispetto ..non me ne frega un cazzo, dateci pure dentro, ma le minacce no e serviva un chiarimento. Tra 10 minuti cancello gli ultimi 3 üíö
GIOIA	 figuriamoci quanto saranno felici i nipotini vedendo il cucciolo di cane . 
AMORE	comunque ho scoperto che i satanisti/ateisti (LaVeyan se non sbaglio) sono anti-razzismo, pro LGBTQ+, anti-stupro, anti-pedo e tanto altro @ Lucifer ti amo
NEUTRA	 Quale parte della sentenza 
NEUTRA	Immaginatevi contestualizzare lo stupro di montanelli dicendo che ha fatto anche tante cose buone. Lo fa sul corriere (pic). Se invece volete riflettere sulla questione della rimozione delle statutue, leggete qui
NEUTRA	 √à la scrittura che si fa ricerca delle varie identit√† che ci compongono . 
TRISTEZZA	Una donna uccisa ogni tre ore... Senza parole Povera ragazza, che fine atroce
AMORE	@SciroccatoS Mai, Mai violenza sulle Donne!!!!
RABBIA	Raga visto che anche oggi avete mostrato la vostra misoginia interiorizzata andando ad attaccare Emma Watson salvo poi calpestare un merdone enorme, perch√© non riservate la stessa indignazione per Leo DiCaprio, per esempio,che non ha postato una SINGOLA cosa fino ad ora? Per dire
PAURA	 preso da panico ingiustificato azion√≤ il freno di emergenza del treno e venne poi multato per questa sua azione avventata . 
SORPRESA	 all ' apice della sua carriera 
NEUTRA	" Nella nostra Regione e in tutta Italia ci sono giovani preparati e le competenze possono generare nuovi posti di lavoro . - #AndreaBozzoli ‚Äì Amministratore Delegato Hpe-Coxa a #InnovationDays	"
TRISTEZZA	No alla violenza sulle donne, no alla violenza in generale, no al bullismo, ecc, e poi √® lo stato il primo ad applicarlo quando inizi a infastidire i loro interessi.
TRISTEZZA	 ho nostalgia dei tempi felici passati . 
PAURA	 gli algerini avevano paura di essere catturati e torturati . 
TRISTEZZA	Vi battete ogni singolo giorno contro chi fa body shaming, poi spunta magicamente una foto di Trump nudo e il vostro castello di carte fatto ipocrisia e falsit√† di chi ama raccattare like facili crolla inesorabilmente.
AMORE	Eterna gratitudine alle operatrici del Centro antiviolenza della Clinica Mangiagalli ‚ù§Ô∏è
AMORE	Odio etichettare il mio orientamento sessuale. Insomma l‚Äôamore √® amore, niente di pi√π e niente di meno. Io amo il sentimento in se, come mi fa sentire una persona e non il suo aspetto. Non so se esiste un etichetta pure per questo ma sinceramente non mi serve saperlo.  Io amo.
PAURA	 la faccia di quell ' uomo incute terrore . 
GIOIA	passare da un amore appassionato malato ed ossessivo ad uno bilanciato, pacato e maturo √® come prendere una boccata d'ossigeno a pieni polmoni dopo aver cercato invano per anni di respirare sott'acqua
NEUTRA	Va beh ma sei magra, mica √® body shaming Il body shaming √® body shaming sia se viene fatto su una persona in carne sia se viene fatto su una persona magra. Essere magri non implica non avere problemi e non poter essere vittime di derisione da parte degli altri.
GIOIA	Anna, un nuovo amore e la sua personale esperienza di fuoriuscita dalla violenza domestica, grandi parole e un grande esempio grazie al lavoro del @CentroDonnaPd sostenuto da @ActionAidItalia #italiachefa #solidariet√† #Empowerment https://t.co/H1vtBBtyni
NEUTRA	Non so i dettagli della polemica social del giorno, credo riguardi il body shaming (ancora), una cosa √® certa: Le scuole chiuse sono il vero problema, non tutto il resto.
NEUTRA	 nello sport ci sono sempre regole che limitano i colpi che si possono portare e le parti del corpo che √® possibile colpire . 
PAURA	la vostra misoginia √® cos√¨ lampante e ci√≤ che mo fa paura √® che venga da mostly women i lib sono scemi in culo s√¨ ma mi fanno una paura tremenda
AMORE	Un grazie di üíú alle 125 persone che nel 2019 hanno scelto di donare il #5x1000 alla nostra Casa! Una scelta che ci ha permesso di raccogliere oltre 4mila euro che destineremo al centro antiviolenza e alle nostre attivit√† a sostegno dei diritti delle donne!
PAURA	 gli √® stato diagnosticato il carcinoma verrucoso e adesso sta in ansia . 
RABBIA	Fino a poco tempo fa lo ritenevo un sito simpatico, ora mi fate ribrezzo. Questo bodyshaming gratuito non se lo merita nessuno, e se tenete pagine del genere siete solo dei deficienti.
RABBIA	Perch√© nascondere il fatto che sia morta innanzitutto per misoginia? A me di simile tra i due casi sembra di vedere solo donne silenziate. Magari fate pi√π articoli su chi diffonde informazioni personali, rp e cp, non per la risposta a video con idee pericolose?
RABBIA	trump si merita bodyshaming bullismo terrorismo psicologico e una pallottola in fronte
RABBIA	Io bloccato perch√® rispondo educatamente a chi insulta la gente sui social. L‚Äôultimo era sul #bodyshaming: una donna dice vicino ad un‚Äôaltra donna che le ci vorrebbe una maschera talmente che √® brutta. La gente ha in testa la üí©
NEUTRA	" La speranza √® contagiosa . √à il messaggio di due giovani donne che ne hanno tanta e ne suscitano ancora di pi√π	"
RABBIA	L'uomo che usa la violenza sulle donne non pu√≤ chiamarsi uomo ma , BESTIA üò†üëø donne vi prego al primo alzata di mano denunciateli nn abbiate paura .deve finire questo massacro di violenze .scusate ma stasera x me √® la mia buona notte .üáπüá∑üò¢üßø#CanYaman
AMORE	Lizzo VS body-shaming: la sua risposta √® da standing-ovation 100 % that bitch, stravagante, energica, disinvolta, stiamo parlando della sola e unica Lizzo, una v #psycheseduction #redhot
NEUTRA	Dopo quanti mi piace alle foto √® considerabile stalking?
TRISTEZZA	sto guardando when they see us e sto piangendo da ore stanno incastrando dei ragazzini per uno stupro, ragazzi di 14/15/16 anni lasciati soli con i poliziotti che li stanno manipolando a loro piacimento. certa gente mi fa proprio schifo
TRISTEZZA	grazie nonna per il body shamingü•∞ü•∞
NEUTRA	 questo √® il ruolo che la societ√† di James Pallotta ha proposto a Luca Lotti 
NEUTRA	"Piccolo pensiero su #BellaCos√¨. La canzone(bellissima) parla di bullismo e bodyshaming, quindi il ""popolo"" si divide in due: vittime e bulli. Adesso, a tutte le ragazze che ""sono vittime"" vorrei farvi pensare a tutte quelle volte che avete dato della tro*a a una ragazza solo *"
TRISTEZZA	 oggi sono depresso e triste per la perdita di un caro amico . 
TRISTEZZA	Dico solo che per tutto quello che ho visto e letto sui social in queste due settimane (razzismo, misoginia, attacchi alle donne, omofobia, odio generale) domani ricontatter√≤ la psicologa perch√© ho smesso di dormire, smesso di mangiare, smesso di uscire. Ho bisogno di una pausa
RABBIA	la quantit√† di donne vittime di femminicidio e stupro cresce esponenzialmente ogni anno e voi siete l√¨ a preoccuparvi per un cazzo di maschio bianco etero che frigna perch√© gli hanno fatto notare che √® un maschio bianco etero ma allora ci siete nati cos√¨ imbecilli
AMORE	@TalcumXesq @davidmweissman @bennyjohnson @JoeBiden √à la figlia malato pervertito. Si vede che √® solo un abbraccio di amore paterno
RABBIA	 ho subito un taglio dello stipendio
TRISTEZZA	 che tristezza in quella famiglia 
TRISTEZZA	"Sapete qual √® il problema? Appena una donna nomina ""misoginia"" o ""maschilismo"" oppure ""patriarcato"" esponendo le proprie idee o il proprio vissuto viene subito additata come nazifemminista. Da chi? Principalmente da uomini, e tristemente pure da donne. &gt;"
GIOIA	#gfvip2020 #GFvip5 non vedo l'ora di vedere #mariateresaruta e #patriziadeblanck in convivenza forzata... le top di questa edizione!
RABBIA	‚ÄúSe c‚Äô√® stato uno stupro √® giusto abortire‚Äù ‚ÄúNo per me no, non √® giustificato‚Äù Ma che cazzo ve ne frega della vita degli altri ? Se voglio abortire lo faccio, senza se e senza ma, senza dita puntate e senza giustificazioni! Punto e basta, √® una pratica LEGALE dal 1978.
GIOIA	"Please davvero, su Instagram ho visto almeno venti storie che iniziavano con ""Sono content* per loro per√≤ noi invece questo lo dobbiamo pagare"". Siete come gli uomini che quando si parla di femminicidio dicono ""Anche gli uomini vengono uccisi dalle donne"". Grow up"
RABBIA	üõëDonna incinta all‚Äôottavo mese, uccisa e appesa a un albero, orrore in Sudafrica üõëDal 2017 al 2018 sono state uccise 2.930 donne, dato che equivale a un omicidio ogni tre ore. SCHIFOSI üìå PALADINI DEI DIRITTI UMANI DOVE SIETE‚ùì‚ùì #JusticeForTshego
SORPRESA	 Al√¨ cadde allora in uno stato di trance 
TRISTEZZA	 Tommaso √® triste per la mancanza di amici . 
GIOIA	 questo simpaticissimo cucciolotto lo abbiamo preso al canile municipale 
GIOIA	. ‚ÄúParlare di #bodyshaming e #fatshaming √® importante. Poi, mi ha colpita il passaggio di questo webinar sul silenzio: deve essere come momento di riflessione per trovare le parole giuste nel rapportarsi verso l‚Äôaltro‚Äù #ParoleOstili
NEUTRA	questa √® violenza psicologica
RABBIA	 una mosca le ronzava fastidiosa attorno e lei la scacci√≤ con rabbia . 
AMORE	@Ales_1981 Spoiler: l'amicizia √® una forma di amore. Esiste l'amicizia, ma implicher√† sentimenti per forza di cose d'amore. A meno che uno non fa da bisnonno all'altro e non ripidi l'aspetto e il carattere qualcosa nasce. Anche dopo tempo.
RABBIA	coloro che dicono che il razzismo, la misoginia ed il patriarcato in italia non esiste, ci sono mai stati in italia? siamo sicuri che non stiano parlando di un luogo immaginario?
AMORE	Condivido. Nessun cane dovrebbe morire in canile. Sanno dare amore pi√π di certe persone che il cuore non hanno.
NEUTRA	 √® un' spressione con allusione sessuale 
TRISTEZZA	La vicenda di Martina √® triste, ingiusta e fa incazzare. I ragazzi accusati di tentato stupro, causa che ha portato alla morte di Martina, dissero che si erano fatti una canna e lei non capiva dove fosse. Dai test sul corpo nessuna traccia di droga. #MartinaRossi
RABBIA	 sono in preda all‚Äôira e non mi passer√† facilmente .
GIOIA	Quoto!  E aggiungo: non date corda alle persone che diffondono odio, rispondete sempre con amore e musica! ‚ù§
TRISTEZZA	 √â un addio amaro ... e confesso di aver pianto ancora 
GIOIA	Sono leggermente citato in questo articolo (due righe, ma fa sempre piacere ‚ù§Ô∏è)
AMORE	Gossipblog: Ezio Greggio, Romina Pierdomenico, amore a prova di lockdown. https://t.co/YohdRXmBYc  tramite @GoogleNews
SORPRESA	 anche se temevo il responso del medico 
RABBIA	 Mario esploderebbe di rabbia se tu gli rivolgessi la parola . 
SORPRESA	 Non me lo sarei mai aspettato da te 
TRISTEZZA	Oggi √® andata via figlia grande, domani quella piccola. Dopo tre mesi di convivenza forzata rimarr√≤ sola Non so se piangere o ridere
TRISTEZZA	"L'articolo dice ""La violenza sulle donne √® frutto del degrado portato dalla povert√† e dalla mancanza di servizi e infrastrutture"" e giustamente da uomo piuttosto che investire tutte le mie energie per migliorare la situazione, trucido le donne perch√© sono stressato e povero eh s√¨"
RABBIA	Praticamente fai bodyshaming verso qualsiasi persona e poi ci rimani male se qualcuno ti dice che sei una üö™ Visto che queste cose fanno soffrire anche te magari potresti evitare di dare dell'obes* a qualsiasi persona tu incontri √à solo un suggerimento eh
RABBIA	Vedere alcuni aziende fare propaganda sul tema BLM e sulla lotta alla discriminazione di ogni genere mi fa RIBOLLIRE IL SANGUE NELLE VENE. Siete delle merde vere.
GIOIA	https://t.co/Ug6BWyNriP. Dedicata a te amore mio  @CRISTINALUISA7 che sei riuscita a liberarti dalla persona,matrigna,che ti ha sempre fatto violenza psicologica e fisica e voleva esercitare il suo potere su di te e tuo padre che era suo complice.Certe ferite restano per sempre.
NEUTRA	" Non dobbiamo dare alcuna spiegazione . 	"
RABBIA	 ho avuto uno scatto di collera eccessivo 
AMORE	Jacques Pr√©vert Questo amore  Questo amore Cos√¨ violento Cos√¨ fragile Cos√¨ tenero Cos√¨ disperato Questo amore Bello come il giorno E cattivo come il tempo Quando il tempo √® cattivo Questo amore cos√¨ vero Questo amore cos√¨ bello Cos√¨ felice Cos√¨ gaio E cos√¨ beffardo
NEUTRA	 Camilleri non √® stato solo questo . 
RABBIA	 madonna impestata !
RABBIA	 non mi rompete i coglioni
RABBIA	Inammissibile #Discriminazione di #genere nell'accesso scolastico al #LiceoTalete di Roma. Ci uniamo alla richiesta di chiarimenti delle famiglie. #STEM #donne
AMORE	Bullizzato dalle gatte, vecchio e malato di cuore ma sempre un amore, anzi il primo amore peloso #GiornataMondialedelCane https://t.co/hxMOFePts1
GIOIA	Non vedo l'ora di vedere questa scena...  #g√ºc√ºna≈ükƒ±nda
GIOIA	Ed ecco qua il classico COGLIONE che fa body shaming senza MOSTRARSI... Io sono grasso e morir√≤ di un ccoccolone ma posso andare in giro a testa alta... #grindr #gayitalia #LGBT #lgbtq #pride
TRISTEZZA	Tristissima questa cosa che qui in Italia ogni argomentazione contro razzismo o misoginia o omofobia viene sempre schernita da uomini con trent‚Äôanni per gamba con poca voglia di leggere anche un solo saggio per informarsi
RABBIA	Quindi se una donna abortisce √® sbagliato, se invece viene presa a calci provocando cos√¨ un aborto no? #dcblackout #DonaldTrump
RABBIA	Ancora violenza sulle donne (e ancora un ex militare): ‚Äãpicchia la moglie davanti ai figli. CAMBIAMO QUESTA CULTURA DELLA VIOLENZA SULLE DONNE E DEL FEMMINICIDIO!
RABBIA	Possibile che anche sta mattina devo incazzarmi con gli uomini per la loro misoginia di merda? Boh ma tassiamoli ad ogni cazzata che sparano dio cvne
GIOIA	#BloodAndWater √® una di quelle serie tv che mette tutti allo stesso livello. Non c‚Äô√® discriminazione di genere, di orientamento sessuale o colore della pelle. √à bellissimo.
RABBIA	 sono seccato per come sono trattato . 
TRISTEZZA	"mi son sentita dire che che se mi metto la gonna cerco lo stupro perch√® sto provocando ƒæ """"""uomo"""""" in questione... dovrei cambiare modo di vestire o bisogna cambiare il modo di ragionare di sta gente di merda che afferma tali stronzate? #girlpower #coronavirus #femminismo"
GIOIA	sono felice lisa abbia finalmente chiuso la bocca a tutti coloro che per anni hanno fatto body shaming, non solo verso la sua persona, ma anche verso le blackpink. lisa √® una forza unica e, il suo verso in pretty savage, ne √® l‚Äôinnumerevole dimostrazione.
RABBIA	 Via le concessioni a autostrade..üò° 
TRISTEZZA	 il mare quando piove mi rende triste per il suo grigiore . 
NEUTRA	" Al via i #saldi #online : occhio alle #truffe . Ecco sette regole per evitarle 	"
AMORE	"@SEERINERVOSA @Giorgia Perch√© mai? Perch√© non considero l'unico amore esistente l'amore di mamma? Amo il mio cane e il mio gatto. Amo mio marito. Non √® che se dico ""come una mamma"" lo amo di pi√π o di meno. Non ci sono serie A e serie B negli affetti. Una zia pu√≤ amare un nipote anche pi√π di una madre.."
RABBIA	Mor√¨ fuggendo a stupro, appello assolve gli imputati | uccisa due volte.che bella giustizia! Se vi trovate davanti a uno stupro, non scappate, che se vi capita qualcosa sar√† solo colpa vs, se vi fate stuprare, forse c'√® il dolo.üò°
RABBIA	ma esattamente quando fate body-shaming vi sentite qualcuno? no perche io adesso chiamo marvin, e nessuno vuole avere a che fare con marvin, y‚Äôall better watch out
AMORE	A mio parere un bambino ha bisogno di cure di affetto e di tanto amore quindi purch√© i bambini vengano dati in adozione a genitori che fanno parte del LGBT o meno basti che ci siano queste principali cose... levati hai fatto una figura di merda.. ricordati l‚Äôamore √® UNIVERSALE‚ù§Ô∏è
TRISTEZZA	 Arturo si sente solo ed incompreso . 
GIOIA	Comunque ho rinunciato a quel lavoro con quell'omofobo schifoso che faceva bodyshaming nei suoi pezzi e ieri ne ho trovato uno che mi porta il doppio del guadagno con un cantautore vecchio stampo. Karma?
AMORE	Amore bellissimo :(((
TRISTEZZA	In Pakistan una bambina di 8 anni che faceva la cameriera in una famiglia √® stata uccisa a bastonate perch√© aveva per errore aperto la gabbia dei pappagalli. Perch√© il mondo non protesta e si mette in ginocchio? La sua vita vale forse meno?
RABBIA	sappiate che fate un po' schifo. Quel discorso era incentrato sul body shaming e su come la gente non debba guardare il corpo di una persona. Voi su quello ci avete dedicato 2 righe di articolo. Dopotutto meglio parlare delle tette di una ragazzina che del suo messaggio
AMORE	PER LA FESTA DELLA MAMMA SCEGLI DI DONARE AMORE! ‚ù§Ô∏è Scegli di fare una donazione a favore delle 5 case di accoglienza di Cooperativa Lotta dedicate all'accoglienza di #donne vittime di violenza e dei loro bambini e bambine.  Scopri di pi√π https://t.co/tbVISIbmnA  #festadellamamma https://t.co/3jscYP6uOr
GIOIA	 mi piace viaggiare spensierato 
AMORE	Seppellire l'odio sotto una montagna di amore  #ProudBoys üß°üíúüíôüíö‚ô•Ô∏è
NEUTRA	Una differenza culturale ed etnica non giustifica mai la violenza sessuale o maltrattamenti via
RABBIA	Se c'√® una cosa che mi fa incazzare pi√π del sessismo e della misoginia √® il fascismo. Cazzo i fascisti mi fanno proprio incazzare. Fasci appesi
TRISTEZZA	questo √® il motivo per cui non mi stupisco che ancora oggi c'√® un fottio di misoginia interiorizzata se questo √® ci√≤ che si trova in un libro di prima media letteralmente colpevolizza per aver rivendicato i loro diritti (Alcuni poi, ma questo √® un altro discorso)
AMORE	#clario ,le critiche le riceve da chi ha mandato giustamente a cagare dopo anni di stalking senza fare propaganda di goccine e servizi in tv, penso abbia tutto il diritto di farlo, c √® un limite a tutto, certo il karma colpisce chi fa del.male, mario non ne ha fatto a nessunoü§ó
NEUTRA	" Dal gruppo di misure messe in campo dal governo per correggere i conti ed evitare la procedura d ' infrazione arrivano anche buone notizie . Scopri quali . 	"
RABBIA	Ancora che fate bodyshaming fingendo di preoccuparvi per la salute degli altri, pessimi
TRISTEZZA	Mor√¨ fuggendo a stupro, appello assolve gli imputati. Queste assoluzioni mi fanno perdere la fiducia nella giustizia: secondo questa sentenza se tu muori per fuggire √® colpa tua; Martina doveva restare immobile per rimanere viva (e stuprata) #martinarossi
NEUTRA	 Parlamento Ue 
SORPRESA	 che bello
GIOIA	Dopo decine e decine di segnalazioni, almeno una piccola soddisfazione. Finalmente - almeno temporaneamente - bloccato l'account fake che fa stalking contro @francescatotolo. https://t.co/TroHxvQ1Zj
TRISTEZZA	Sono stanca di mio padre e mio fratello che mi fanno bodyshaming davvero raga non ce la faccio pi√π che poi loro magari manco ci fanno caso ma io mi butto gi√π in una manoera pazzesca e sono stanca
AMORE	"L'#amore, specie in una convivenza pi√π forzata del previsto, √® un equilibrio tra le parole ""Ti amo"" e ""Non ti sopporto pi√π! Sei snervante! Non devi andare a lavorare?"" e.. ""Ti amo"". L'amore √® cosa per chi oscilla tra la depressione psicotica e l'euforia. #vivielasciavivere #COVID"
SORPRESA	 con poca spesa e molta fantasia hai ottenuto un risultato sbalorditivo . 
TRISTEZZA	Comunque se volete abbattere la statua di Indro Montanelli ma non fate un cazzo per fermare il turismo sessuale italiano (siamo campioni del mondo) dei bravi padri di famiglia che vanno in Thailandia a scoparsi le bambine - ecco, restiamo un po' sullo stesso punto.
GIOIA	ma perch√© dovrebbe essere malato amare qualcuno del tuo stesso sesso? come fa l'amore ad essere considerato come malattia? io amo una ragazza e qualcuno potrebbe dire che sono malata e non sono normale. a questo punto io sono felice, perch√© io amo lei e soni felice.
NEUTRA	" "" La manovra economica viene fatta qui dal presidente del Consiglio con il ministro dell ' Economia "
AMORE	amore mio il mondo no ti merita
NEUTRA	 Giorno in cui sar√† presentato ai media l ' altro nuovo arrivo del mercato bianconero 
TRISTEZZA	 i dipendenti Accutor sono letteralmente alla canna del gas
GIOIA	 congratulazioni ! siano tutti felici che ti sei laureato in medicina . 
NEUTRA	 A differenza di quella per il belga 
RABBIA	 Ho ancora molto da darti . Fuoco 
TRISTEZZA	Zohra Shah 8 anni, domestica per una famiglia benestante in Pakistan, picchiata ed uccisa per aver liberato due pappagalli. Elefantessa uccisa con dell‚Äôesplosivo, George Floyd ucciso da un poliziotto... Ed io che mi aspettavo un mondo migliore dopo il virus.
GIOIA	 che bello ! 
NEUTRA	 Assegnati anche 2
TRISTEZZA	 provo malinconia per quanto siamo ormai lontani .
RABBIA	Naturalmente l'indignazione per il body shaming vale solo con i politici di sinistra giusto?La Meloni non ha mai proferito parola su questa immagine,ma i bufalai del web devono trovare modo per diffondere 'ste robe. 7mila e+ condivisioni c'√® gente che difende l offesa alle donne
AMORE	La religione di pace e amore  !!!
RABBIA	 Se al posto di Salvini avessimo avuto la Meloni 
RABBIA	#omofobia queste leggi hanno la valenza di quelle sul #femminicidio e altre stronzate simili. Poi si tolgono diritti e cultura e i reati aumentano. Paese di coglioni. #COVID19 #Conte19
PAURA	 ho paura di tutto
AMORE	amo questa grande donna proprio per questo, perch√® non ha paura di lottare sempre e comunque contro coloro che usano violenza sulle donne üëèüëèüëè @ozgecangurel  #√ñzgeG√ºrel  #CanYaman #BayYanlƒ±≈ü  #EzG√ºr
RABBIA	 mi dette un buffetto e si allontan√≤ da me con stizza . 
AMORE	Amo le donne , come un figlio ama una madre, in questo non ci trovo nulla di anomalo.  Luciano parisi-2020  dateci una legge contro il femminicidio, contro l'omofobia  Lo supplica  l'Europa oltre che io . date civilta' all'Italia con  urgenza primaria. Da qui parte la rinascita. https://t.co/s3zkbDobUY
RABBIA	 mi sento in collera . 
NEUTRA	" Scopri le spiagge che hanno detto addio a sigarette e plastica 	"
RABBIA	 sono parecchio in collera . 
AMORE	Bellissima dimostrazione di amore filiale ‚ù§Ô∏è‚ù§Ô∏è
NEUTRA	''con la violenza non si risolve niente'' beh non voglio giustificare nessuno, ma non credo che oggi si festeggerebbero 25 aprile e 2 giugno se i partigiani al tempo avessero solamente marciato per le vie delle citt√† con striscioni e bandiere
TRISTEZZA	Del 2019, ma giusto per contestualizzare Montanelli: +++ Italiani primi al mondo per turismo sessuale minorile +++ I nostri uomini, s√¨ s√¨, proprio gli italiani. Primi gli italiani
NEUTRA	" Al via oggi la nuova legislatura del Parlamento europeo dopo le elezioni europee del 26 maggio . Un parlamento con alcune novit√† rispetto alla precedente . 	"
TRISTEZZA	E tra i consiglieri che augurano lo stupro alle donne e che minacciano di morte gli antifascisti, ci mancava solo quello che scherza su #Auschwitz
TRISTEZZA	 affiorano in me ricordi di un passato struggente e malinconico . 
RABBIA	 sono infastidito dal tupo comportamento .
GIOIA	 felici dell ' impresa di essere salite sulle coffe 
RABBIA	Mi sono rotta il cazzo del vostro sessismo, nella vostra misoginia, del vostro razzismo. Non ho pi√π intenzione di sopportarlo, vi blocco e arrivederci
RABBIA	 √® stata scavalcata dall ' ultimo arrivato 
NEUTRA	" ‚Äú La mia vicenda imprenditoriale √® insieme molto italiana e poco italiana‚Äù : Paolo Basilico si racconta #aTavolaCon @paolobricco sul sole24ore del #30giugno	"
TRISTEZZA	 questo programma non funziona
AMORE	Non ti conosco, spero tu abbia avuto la forza di denunciarlo e mandarlo via da te. Ti abbraccio forte! Ce la farai a riprenderti! Forza e mai pi√π con uomini che non sanno cosa sia l'amore! Faccina che manda un bacioCuore rosso
AMORE	Taylor, cresciuta con una mamma che le faceva violenza psicologica e un padre assente, riesce ad essere un essere umano stupendo, un'ottima amica e una ragazza supportiva e amorevole #TheOC
NEUTRA	 Tredici persone 
TRISTEZZA	 che tristezza vedere quei bambini contesi dai due genitori ! 
RABBIA	 Luca era cos√¨ arrabbiato da andare fuori di testa !
GIOIA	 che divertimento √® stare con voi .
RABBIA	stupro di gruppo, possesso di materiale pedopornografico, almeno 13 reati per violenza sessuale, tutto da uno che soggiogava minorenni in una setta satanica spacciandosi per il diavolo Stato italiano: diamogli gli arresti domiciliari ü•∞
AMORE	I medici gli danno 5 mesi da vivere: 18enne malato terminale sposa il suo grande amore https://t.co/MH9voH9hTo via @FacebookWatch
SORPRESA	 alla fine del concerto di Vasco 
GIOIA	 sono felicissimo per mio figlio : ora pu√≤ considerarsi abilitato alla professione . 
PAURA	 tutti sono stati presi dal panico e hanno raggiunto l ' uscita di sicurezza ! 
RABBIA	#Iosonomarcocrepaldi Sono hikikomori, sono donna. No alla misoginia nella comunit√† hikikomori. NON sto con Marco Crepaldi.
RABBIA	proteggete i ragazzi neri innocenti, nel modo in cui proteggete i ragazzi bianchi colpevoli, a processo per stupro e omicidio. #BlackLivesMatter
RABBIA	Raga io non faccio bodyshaming su nessuno, ma quando una mia ex amica deve venire a rompermi il cazzo e a sfottermi mi esce spontaneo prenderla a parole come fa lei con me. Perch√© diciamocelo, chi cazzo vorrebbe essere lei? Una stronza gelosa BUKKINAAAA #Tiziaparty
TRISTEZZA	 provo mestizia al ricordo di lei . 
GIOIA	Grazie @Corriere per aver reso pi√π frizzante la presentazione dell'anatomopatologa che analizzer√† il corpo della probabile ennesima vittima di femminicidio. In fondo parliamo di due donne,una ammazzata e una professionista,non c'√® bisogno di seriet√† #2settembre #corrieredellasera https://t.co/G49fbQ6vNv
AMORE	malato terminale l‚Äôimportante per lui √® stare insieme a chi gli vuol bene e dispensare a sua volta Amore ‚ù§Ô∏è
NEUTRA	 I mercati tornano a credere in una possibile intesa tra Stati Uniti e Cina 
GIOIA	 l ' occasione di incontrarti mi fa felice e non vedo l ' ora . 
AMORE	Spero e credo in una presa di coscienza dei #sardi, capaci di difendere e tutelare con amore la propria terra da malgoverno, speculazioni e stupro del territorio https://t.co/sQmAbU30QP
RABBIA	 Quando ci furono i funerali di Stato per i 43 morti del #PonteMorandi dov ' era la delegazione del #pd al posto di partecipare alle esequie ? sulla #diciotti ! A trovare i clandestini 
RABBIA	"che si tratti di violenza sessuale o di razzismo vi piace proprio fare victim blaming ""perch√© smascherarla ora e non sei anni fa??"" ma fatte li cazzi tua"
AMORE	Buon ponte Amoreüò¢‚ù§Ô∏è
AMORE	‚Äú up up up ‚Äú alla fine amore mio √® una bambina, non una scopa di harry potter, cedric diggory ha lasciato il segnO si mi sento una persona orribile ma non ho potuto fare a meno di pensarlo sto piangendo
RABBIA	 sono incazzato nero per il servizio che mi √® stato offerto .
NEUTRA	 Grazie a un capitale di voti e contatti 
NEUTRA	 A New York 
TRISTEZZA	Prima emis killa accusato di misoginia, poi ultimo, ora evan peters accusato di razzismo... insomma fateme mor√¨ che famo prima
PAURA	 l ' agenzia diffusa stamattina dall ' ansa ha creato il panico nei mercati azionari . 
TRISTEZZA	"Turismo sessuale minorile. Italiani brava gente. Montanelli e le sue ""bravate"" giovanili sono le stesse ""bravate"" dei moderni italiani . Nulla e' cambiato. Anzi."
SORPRESA	 √® incredibile come la morte causata per garrotamento sia arrivata fino ai giorni nostri ! 
NEUTRA	mi accorgo della sessione giornaliera di stalking di Diego quando inizia a mettere likes minatori a Jason
AMORE	il mio unico grande amore
AMORE	"Serve +cultura del bello,+istruzione,+scuola,+amore e soprattutto + famiglia FELICE di crescere un figlio! La violenza √® una forma distruttiva di comunicazione che si utilizza quando mancano le  ""parole"". La forza fisica,cos√¨ usata,√® come dire:""IO ESISTO"" https://t.co/QxDJISAl2f"
RABBIA	 dio porco !
RABBIA	qualcuno lo dice a barbie millicent che chi stupra, molesta, picchia e commette femminicidio √® o pu√≤ tranquillamente essere padre, fratello, nonno, bisnonno e tutto l‚Äôalbero genealogico????
RABBIA	Fanatiche di Ozge G√ºrel che hanno fatto del gran body shaming nei confronti di Hande Dogandemir,che fanno del gran moralismo a quelle che dicono qualcosa contro la loro Ozge. Ma devo tirare fuori gli screen di qualche anno fa? Non sfidatemi,lo dico per voi. HO TUTTO. #daydreamer
GIOIA	La vittima √® riuscita a fuggire in strada e ad allertare le forze dell‚Äôordine che sono giunte prontamente sul posto. #Catania #Violenza #Cronaca #NewSicilia   https://t.co/0SM7xb8JKO
SORPRESA	#Glee √® un programma per ragazzini, poi: - Cory tossico (Ripüò≠) - accusata di violenza domestica - Mark pedofilo (Ripüò≠) - accusata di essere razzista e meschina con tutti nel set (incarnata nel personaggio di Rachel, vedo) - etero omg
SORPRESA	 √® sorprendente come il movimento punk abbia resistito nel tempo; sembrava un ' onda momentanea e invece sopravvive ancora oggi . 
NEUTRA	 Pensioni 
TRISTEZZA	"dopo tutta la questione del bodyshaming di oggi vi dico che pi√π volte mi √® capitato fare esercizio davanti a persone magre e tutte: - non riuscivano a tenere il passo - ""ma come fa!!!1!"" con tono sorpreso come se stessi facendo chiss√† cosa e non una semplice spaccata porco zio"
NEUTRA	" Dove sono le aziende di tecnologia in Italia ? 	"
NEUTRA	 Oggi alle 15 . 00 la Nazionale di calcio femminile giocher√† i quarti di finale dei Mondiali contro l ' Olanda 
NEUTRA	 Mafia Capitale 
SORPRESA	Quindi parco cremaldi che per mesi ha alimentato la misoginia interiorizzata con i suoi video ora si √® offeso perch√© giustamente se tiri la corda dopo un po' si spezza aka la gente poi si rompe il cazzo? Ma non mi dire.
RABBIA	"#India dove la violenza sulle donne √® ai massimi a livello mondiale e dove ""non √® inusuale che gli uomini per proteggere le loro coltivazioni scelgano questo tipo di metodo usando frutta esplosiva"": il virus da combattere √® sempre l'uomo e la sua totale ignoranza verso la natura!"
NEUTRA	" La scelta di presentare ricorso per Cassazione contro il provvedimento che ha ridimensionato le accuse contro la Rackete √® strategica . 	"
NEUTRA	 Per fine luglio l‚Äôazienda fondata da Riccardo Iacometti 
AMORE	Il mio unico e grande amore #NonSaraiMaiSolo #ForzaNapoliSempre
NEUTRA	 Gli indagati rispondono di falso anche in merito alla annotazione di servizio 
AMORE	PICCOLA SCIOCCA, tempo una settimana e ho conosciuto il mio attuale ragazzo HAHAHAHA  TI AMO AMORE GRAZIE DI ESISTEREEEE (Poverino l'ho tenuto appeso fino a marzo perch√© non mi decidevo se fidanzarmi o meno, mi rendo conto di essere stata stronza ma mettetevi nei miei panni)
RABBIA	S√¨ per√≤ ragazzi ora non fate i moralisti perch√© le ragazze faranno bodyshaming dietro le spalle, ma voi lo fate di persona e vi accanite pure, quindi non siete molto meglio
GIOIA	Sono felice per #VanessaIncontrada.. Deve essere stato davvero coraggioso e liberatorio dopo anni di body shaming  mostrarsi con orgoglio
RABBIA	"scusate ma come siamo arrivati da questo ""italyüáÆüáπloves BTS"" a questo ""in italy we say *body shaming*; tan gli abbaglia(che schifo come cazzo scrivono); la pizza la pasta"" MA RAGA SVEGLIATEVEEEE"
PAURA	 nelle regioni flagellate dalla peste 
NEUTRA	Completamente d'accordo con Marco Crepaldi, il problema della misoginia, della #violenzasulledonne non √® rivolta alle donne in quanto tali, √® la violenza in generale il problema, che si riversa anche sulle donne.
RABBIA	Tw: stupro Ricordarsi di parlare di violenza sessuale solo quando la si pu√≤ usare come carta jolly per vincere i dibattiti e sostenere le vostre tesi non √® femminismo La strumentalizzazione dell'abuso altrui √® disgustoso E questa √® una mancanza di rispetto per le vittime. Basta.
AMORE	Trovate qualcuno che vi ami come Enzo ama bonnie. Un amore non malato, ma un amore che viene dal profondo della sua anima, per quanto dannata essa possa essere. #TheVampireDiaries
RABBIA	" #DiMaio : "" #Atlantia azienda decotta "
PAURA	 inutile stare sempre in apprensione 
NEUTRA	" l ' uomo ha freddato a colpi di pistola l ' ex moglie Deborah Ballesio 	"
NEUTRA	 Ma gli investigari della Squadra Mobile 
AMORE	La Camera ha approvato un primo fondo da 4 milioni di euro per le vittime di omotransfobia. I soldi serviranno a creare e sostenere centri antiviolenza, oltre a supporto legale e psicologico per le vittime. Un nuovo passo in avanti verso la civilt√†. Bene cos√¨ üåà
NEUTRA	 le facce di bronzo non arrossiscono quando vengono pubblicamente offese o sbugiardate . 
RABBIA	Basita dai commenti di bodyshaming sotto le foto di Giulia De Lellis. Sono le stesse che l‚Äô8 marzo fanno post su quanto sia bella la donna in tutte le sue sfaccettature? E non c‚Äô√® niente da dirle, √® bellissima anche senza il culo pompato con photoshop come tutte. #damellis
RABBIA	 I poverini non sono quelli di Lampedusa che vengono disinfettati : i poverini sono i cittadini di Lampedusa e di Bergamo che poi vengono derubati da chi viene disinfettato !
PAURA	 sono tanto sconvolto per quanto √® successo .
NEUTRA	 La prima pagina del @sole24ore del #2luglio . I dettagli del #decreto #salvaconti con per 7 
RABBIA	In #pakistan √® stata uccisa #zohra . Una bambina di 8 anni, famiglia poverissima, che stava facendo la ‚Äúbaby sitter‚Äù ad un bambino di 1 anni di famiglia ricca. Ammazzata di botte perch√© ha fatto scappare due pappagalli. Ecco. Venitemi a dire che la pena di morte non √® giusta.
TRISTEZZA	 non ti consiglio di parodiare l ' uomo politico 
RABBIA	Se fai body shaming non sei divertente, sei solo una persona di merda fine
PAURA	 il mio volto √® diventato pallido per il terrore . 
NEUTRA	 Le imprese familiari sono fondamentali per l ‚Äô economia italiana . Ora il family business punta sulla successione femminile . Porta pi√π produttivit√† in azienda 
TRISTEZZA	 Buffon era veramente sconsolato quando il Galatasaray ha messo a segno il goal del 2-2 . 
TRISTEZZA	Che meraviglia studiare con un padre che fa violenza psicologica a mia madre ogni cazzo di giorno e mia madre che piange di l√†. Pensate che bella arietta amici.
RABBIA	Dalla Zerbino il Capitone si vanta per il #codicerosso a tutela delle donne e contro la violenza di genere, riforma voluta e creata dal #M5S. Ladro e imbroglione, come sempre.
RABBIA	" "" Non difendiamo i Benetton "
SORPRESA	 quando edit√≤ il libro non si aspettava certamente un successo cos√¨ clamoroso . 
PAURA	 per evitare le crisi di panico √® necessario esorcizzare le fobie . 
GIOIA	E allora √® doveroso ribadire il concetto.. Chi ha minacciato e bloccato poi trova il coraggio per decantare.. no alla violenza sulle donne?
GIOIA	L'unica gioia di questo risultato √® che almeno il liberale √® il pi√π alto, ma mi turba quel 52% di radicale, brividi. Un po' marxista forse lo sono davvero mi sa Il tradizionalismo cos√¨ alto non l'ho capito perch√©, forse perch√© non credo alla cultura dello stupro boh https://t.co/dBVM8Gy54C
NEUTRA	La violenza ostetrica √® una vera e propria violenza sulle donne. Episiotomie o cesarei senza consenso, violenza verbale e mancanza di supporto emotivo possono portare gravi conseguenze fisiche e psicologiche alle donne.
RABBIA	#JohnnyDepp √® stato vittima di violenza psicologica,fisica e minacce da parte di una donna, #AmberHeard. Se fosse stato il contrario a quest'ora era una merda immonda condannato da tutti. Lei?Che fine ha fatto?Sta facendo un percorso di riabilitazione psicologica? #HappyBirthday
NEUTRA	Veronica Townsend fa continuo body shaming alla figlia, tratta male chiunque, minaccia con un ragazzo di parlare con l'ufficio immigrazione. Ha votato Trump alle elezioni #TheOC
RABBIA	Questo in tl contornato da lezioni sul body shaming aiuto quanta ipocrisia impazzisco
RABBIA	Giustificare sempre la violenza personale e screditare le persone che hai bloccato e puntualmente.. Ti credi nel giusto allora sei un despota che deve screditare, umiliare le persone bloccate e ti credi onnipotente a vita..
PAURA	 la folla fu presa dal panico e la gente inizi√≤ a spintonare per farsi largo e raggiungere l ' uscita di sicurezza ! 
TRISTEZZA	Perch√© certe parole non diventano desuete? Razzismo, omofobia, misoginia per esempio. Restano sempre attuali. Tristemente attuali. Maledettamente attuali. #BlackLivesMatter #STOP #stopracism #weareallthesame #loveislove
GIOIA	 mi diverte stare insieme a te .
GIOIA	Il coraggio delle idee bellissima....
NEUTRA	" S√¨ all ‚Äô #adozione di un bimbo disabile alla single ultrassessantenne	"
TRISTEZZA	Comunque pi√π passa il tempo pi√π mi rendo conto che in Italia la gente √® cresciuta a pane e misoginia/omofobia/razzismo, impressionante.
RABBIA	" "" Vi togliamo tutto "" . Toninelli contro Autostrade. Questi scappati di casa hanno solo la capacit√† di distruggere valore. Sono inutili personaggetti che hanno catalizzato l ‚Äô odio della parte peggiore del paese. #5cosi #uno07FR"
RABBIA	 sono andato fuori dai gangheri !
RABBIA	#zohra 8 anni sfruttata perch√© a 8 anni non puoi e non dovresti lavorare, esposta a violenza sessuale e infine uuccisa. Qualcuno pensa che la schiavit√π sia stata abolita ma in realt√† non √® cos√¨. Ora le piazze mondiali verranno riempite anche per lei?
NEUTRA	 Per il difensore belga in scadenza nel giugno del 2020 
RABBIA	 sono infuriato per l'atteggiamento del mio capo .
RABBIA	"E si parla di omofobia: ""eh ma esiste anche l'eterofobia"" E si parla di misoginia: ""eh ma anche la misandria"" E si parla di razzismo: ""eh ma il razzismo verso i bianchi"" Al posto di inventare nuovi movimenti perch√© non informate la vostra testolina?"
NEUTRA	"domanda seria, leggo spesso ""gli uomini palestrati non mi piacciono, meglio con un po' di pancia"" secondo voi √® bodyshaming?"
AMORE	Ti seguo e so che non te ne vai perch√© non hai l‚Äôindipendenza economica, credo comunque che ce la potresti fare perch√© sei intelligente e con autonomia di pensiero. Cerca un centro antiviolenza e riprendi a vivereCuore rossoCuore rossoCuore rosso
GIOIA	 che gioia vederti cos√¨ sorridente ! 
SORPRESA	"L'incoerenza della gente non ha limiti. Si divertono a dire di essere contro la discriminazione di genere, contro il razzismo, a favore della libert√† di parola, contro il cyberbullismo. E poi? Poi odiano uno perch√© √® ""maschio, bianco, eterosessuale"". #iosonomarcocrepaldi"
TRISTEZZA	 l ' addio ad un congiunto √® sempre un momento triste . 
PAURA	 eravamo tutti in apprensione perch√© pensavamo che non sarebbe mai venuto . 
GIOIA	"@Davidewatanka @LCorreani Alla fine di quelle parole, sciolgo l'abbraccio e lo guardo negli occhi ""tu sei la mia forza, √® grazie a te se riuscir√≤ ad accettarmi per quello che sono: un ragazzo malato, ma con tanto amore""."
AMORE	Perch√© ora il Papa Emerito si mette storto contro Papa Francesco?! Ges√π fu il primo rivoluzionario sul nostro pianeta. Non c‚Äôerano differenze di alcun genere √® discriminazione tra gli esseri umani, a favore delle donne. Quanta ipocrisia vige ora!
GIOIA	Tanti auguri al mio Ciro, che anche se malato e con 3 chili persi, √® sempre il mio amore meraviglioso. Gli occhi non sono pi√π quelli di una volta, sono occhi tristi. #giornatamondialedelgatto https://t.co/ULYxDRbcqK
NEUTRA	 Dopo Eni 
GIOIA	passare da un amore appassionato malato ed ossessivo ad uno bilanciato, pacato e maturo √® come prendere una boccata d'ossigeno a pieni polmoni dopo aver cercato invano per anni di respirare sott'acqua
TRISTEZZA	 il mio amico cacciatore tiene in bella mostra un fagiano imbalsamato 
RABBIA	S√¨ lo dico MEN ARE TRASH perch√© il fatto che il primo pensiero che avete quando si parla di violenza sulle donne sia quello di ribadire che anche gli uomini ne soffrono come se questa societ√† non fosse stata costruita per opprimere le donne √® proprio il motivo per cui siete trash
TRISTEZZA	Per anni dopo il mio abuso sessuale credevo che il sesso e l‚Äôintimita con una persona fosse esattamente come fossi stato trattato. Come carne da macello e oggetto. Solo ora ho la consapevolezza di quanto l‚Äôabuso mi abbia influenzato.
RABBIA	Quando dite che Melania se l'√® cercata mi state sul c***o. Subisce chiaramente violenza psicologica, ma siccome ha scelto lei di sposarsi con Trump si deve arrangiare. Quindi alle donne vittime di violenza da parte dei mariti/compagni gli sta bene perch√© se li sono scelti loro?
RABBIA	 mio fratello sfog√≤ la sua rabbia fracassando tutto ci√≤ che gli veniva a tiro e si ferm√≤ solo quando si fer√¨ ad una mano con un vetro . 
RABBIA	 ma porca puttana ladra ! ! !
NEUTRA	 A Londra il Brent √® sceso di 6 centesimi a 66
NEUTRA	" Lotti all ‚Äô agenzia di stampa romana ha preferito "" non commentare queste indiscrezioni "" . "
RABBIA	 sono in collera con lei . 
PAURA	Sono appena stato testimone di una violenza domestica dalla finestra di camera mia, con conseguente minaccia di morte.
GIOIA	Stalking al luogo dove due decenni fa sono stato davvero felice. ‚ù§Ô∏èü§™üòÇüç≠üçÇüòÅü§©üòé https://t.co/0sI1O3Xpqp
GIOIA	 ho notato che lasciandolo solo diventa pi√π allegro . 
TRISTEZZA	 sono sfiduciato e non credo nel futuro .
RABBIA	 Questo √® quello che interessa al #M5S del #PonteMorandi 
TRISTEZZA	Non immagino il dolore di un genitore che vede morire la propria figlia mentre tenta di scappare da uno stupro ed i responsabili vengono anche assolti. Oggi √® una giornata di lutto per la giustizia italiana. Tanta merda. La giustizia √® morta.
PAURA	Ormai pure se ti becco a guardarmi pi√π del dovuto o se non mi stai a due metri dal didietro per me √® stalking
RABBIA	Secondo i giudici √® suicidio perch√© scappando da uno stupro √® caduta da un balcone ed √® morta Cio√® √® SUICIDIO perch√© √® scappata per salvarsi da dei pezzi merda S U I C I D I O Che schifo tutto. #MartinaRossi
RABBIA	Il bodyshaming fa schifo. Ma fa ancora pi√π schifo se a farlo √® una mamma nei confronti di una ragazza che potrebbe esserle figlia. #TPWK
PAURA	 i passeggeri erano terrorizzati quando hanno visto il fumo nero fuoriuscire dal motore . 
PAURA	 mi destai da quel brutto sogno con una sensazione di paura e angoscia . 
SORPRESA	Aspirante ‚Äúsatana ‚Äú finisce ai domiciliari con l‚Äôaccusa di violenza sessuale üò≤üò≤üò≤üôÇüò≤üò≤
PAURA	I suggerimenti di amicizia su Facebook, frutto delle mie intense sessione di stalking, mi stanno mettendo ansia.
NEUTRA	 Poi √® stata la volta dell'Algeria 
GIOIA	Si vive meglio se ci si accetta per ci√≤ che si √®. Qualche chilo in pi√π o in meno non sono importanti quanto il benessere. #beauty #bodyshaming #bodypositivity #felicit√† #Twitter #benessere https://t.co/o60HgqYrZH
NEUTRA	 Allegate al post le foto delle piante di cannabis che coltiva nel suo terrazzo a scopo terapeutico .
TRISTEZZA	Ci sono cos√¨ tante ragazze che stanno scrivendo l‚Äôet√† che avevano ad ogni abuso sessuale, tantissime mutuals presenti anche e mi sta venendo da piangere. Mi dispiace, io vi sono vicino, se avete bisogno di parlare potete scrivermi e avete tutta la mia stima. Siete forti.
TRISTEZZA	 A volte basta un attimo per dimenticare una vita 
TRISTEZZA	Quelli di Studio Aperto parlando di una donna uccisa hanno montato l'audio di un film con urla strazianti in sottofondo... la qualit√† non dico quale qualit√†
RABBIA	Una giovane donne muore per sfuggire ad un abuso sessuale e si vuol far passare per ‚Äúpazza‚Äù che si √® voluta suicidare roba da medioevo uno schifo assoluto #chilhavisto
GIOIA	 Daniela √® contenta di me in modo incontenibile . 
RABBIA	Arrestano questo ragazzo per cosa? Non √® stato violento, non ha fatto che parlare di uguaglianza e amore e loro che fanno? Lo arrestano, non per violenza, non per mancanza di rispetto, ma per il crimine di essere nero e non bianco come loro. Fatevi schifo
RABBIA	 non mi voglio incazzare 
RABBIA	Assurdo questo servizio di Nina, ma come cazzo facciamo noi donne a denunciare una violenza se la polizia stessa aspetta che succeda il peggio prima di intervenire? Sono schifata. #LeIene
RABBIA	Perche girava libero per l'Europa?Eppure reati in Germania ne aveva commessi. Maddie, una vittima di uno stupro racconta la sua testimonianza: ¬´Chi abus√≤ di me potrebbe essere Christian Br√ºckner
RABBIA	Mor√¨ fuggendo a stupro, appello assolve gli imputati - In sostanza, la ragazza avrebbe dovuto rimanere ferma li' a farsi stuprare da questi due CRIMINALI per poterli mettere in cella....invece avendo tentato la fuga ed essendo morta, sono LIBERI!
SORPRESA	 ogni volta che risento un cd di mia martini lo trovo strabiliante 
RABBIA	 mia sorella dopo la collera era pallidissima e non riusciva a stare in piedi . 
GIOIA	"Grazie mille per la vostra partecipazione alla videoconferenza, che ho tenuto sul tema ""Amore e Stalking al tempo dei Social"", attraverso il mio libro ""Il corteggiatore perfetto"". Inizio dal settimo minuto in poi. #citt√†disanbenedettodeltronto #stalking"
NEUTRA	 il bosniaco attende solo che Inter e Roma trovino l ' accordo economico sul suo cartellino per raggiungere Conte a Milano ( l ' offerta nerazzurra 
TRISTEZZA	Mi sento offeso nel profondo del cuore. Questo √® #bodyshaming , perch√© l‚Äôuomo deve essere rappresentato in carne? #ImmuniApp Vi meritate sempre e comunque Giorgia Meloni professoressa di Diritto Privato.
RABBIA	Era da un troppo in effetti che dr4ke √® pazz0 non creava del drama facendo body shaming porca troia ma non ti fai ribrezzo?
PAURA	 a causa di un brutto spavento divenne canuto quand ' era ancora in giovane et√† . 
GIOIA	LA COMMISSIONE HA APPROVATO LA LEGGE CONTRO L‚ÄôOMOTRANSFOBIA GODO TE LA PIGLI N‚ÄôDER CULO SALVINI HAHAHAHAHAHAHA
NEUTRA	 Anche gli ordinativi fanno molto peggio se guardati nell'ottica della variazione annua
GIOIA	Festa delle donne: il ‚Äúno‚Äù alla violenza del Setterosa. la campagna ‚Äútutti insieme, tutti piu‚Äô forti‚Äù: la donna si ribella https://t.co/jlC4XKlqNR
GIOIA	√® un ragazzo davvero fortissimo non so quanti al suo posto avrebbero risposto con cos√¨ tanto coraggio spero tanto che in futuro potr√† ricominciare ad essere felice cuore si merita tutta la felicit√† che pu√≤ avere
TRISTEZZA	 che si abbattano troppi alberi nelle foreste tropicali √® una triste constatazione . 
TRISTEZZA	 Mi piace sempre camminare sotto la pioggia 
AMORE	MA TUA NONNA C‚ÄôERA?  Un libro scritto con passione da Marinella che ci racconta di raccapriccianti storie di stupro che hanno deliberatamente nascosto dalle Autorit√† Capizzi alla fine della Seconda Guerra Mondiale.  Per fortuna mia nonna non c'era! Ma tua nonna c'era? https://t.co/vtvh7SYjjT
PAURA	 mi sento irrequieto per domani .
SORPRESA	Un pedofilo gi√† condannato per lo stupro di una 72enne‚ÅâÔ∏è‚ÅâÔ∏è‚ÅâÔ∏è‚ÅâÔ∏è‚ÅâÔ∏èSolo a me appare una lieve contraddizione‚ùì‚ùì‚ùì‚ùì‚ùì‚ùì‚ùì‚ùìü§îü§îü§îü§îü§îü§îü§îü§îü§îü§îü§îü§îü§îüß†üß†üß†üß†üß†üß†üß†üß†üß†üß†üß†üß†üß†#brancolonelbuio #sbattiilmostroinprimapagina #Brueckner
GIOIA	Approvata  la mia mozione in Consiglio Comunale a #Capriva : diciamo insieme NO alla violenza sulle donne ! #25novembre #panchinarossa @Mary_Bernobich @il_piccolo https://t.co/bm4qh7PIBH
GIOIA	Il piacere che si prova attraverso le orecchie si chiama ¬´incantesimo¬ª,quello che si prova con gli occhi ¬´fascino¬ª‚ù£Ô∏è üìçIl nostro #hotel ACCETTA I #BONUSVACANZA. üü¢ Contattaci per ulteriori informazioni. ‚Å£‚Å£‚Å£‚Å£‚Å£ ‚Å£‚Å£‚Å£‚Å£‚Å£‚Å£‚Å£ #senonoraquando #vernazza #cinqueterre #24settembre https://t.co/4Y1dFLqKpc
AMORE	Mi ispiri coccole e subito dopo sesso violento  Buonanotte amore mio https://t.co/ta5yELSfCy
RABBIA	"quando un maschio babbano che conosco da un bel p√≤ viene a dirmi che ""secondo me un p√≤ lo stupro te lo sei cercato"" mi fa partire l'embolo e fa uscire la brutta parte che vive dentro me. con che coraggio potete dire una cosa simile porca puttana, come, come ci riuscite poi."
TRISTEZZA	e altri 3 episodi di violenza domestica nella nostra bella e civile provincia di #Bologna.
RABBIA	 nutro tanto rancore nei tuoi confronti 
NEUTRA	 Comprata bianca 
AMORE	AMORE MIO IL KING SUPREMOüòç
NEUTRA	che il bodyshaming in generale sia una merda lo sappiamo tutti ma √® un dato di fatto che se sei magra non hai nessun problema nel trovare vesiti quando vai a fare shopping e di sicuro viene rappresentato in qualsiasi media quindi si sono due cose completamente differenti
TRISTEZZA	 Lo spreco della vita si trova nell‚Äôamore che non si √® saputo dare 
TRISTEZZA	 in tribuna 
TRISTEZZA	 i numerosi divorzi tra miei conoscenti mi rattristano molto . 
RABBIA	Se vi ho unfollowati/bloccati √® probs perch√© avete fatto bodyshaming, sappiate che fate schifo voi, ma non fisicamente, avete proprio il cervello marcio
RABBIA	"Sudafrica, donna incinta uccisa a coltellate e appesa a un albero (via ) Per lei nessuna marcia, nessun inginocchiamento e nessun vips ""annientato dal dolore"" a bordopiscina ?"
PAURA	 spero che gli studenti affrontino la maturit√† classica con la giusta preparazione e controllo dell ' ansia . 
NEUTRA	 In questi giorni l ‚Äô ex sottosegretario √® al centro delle polemiche per la vicenda Palamara
NEUTRA	 √® il titolo di una delle pi√π famose canzoni italiane del secondo dopoguerra 
RABBIA	Queste sono quelle che si fanno paladine contro il cyberbullismo, la misoginia e il maschilismo. Quanto morboso marciume dev'esserci dentro per scrivere certe cose? In azzurro gli interventi di lui, in viola quelli di lei. Tutto autentico. Tutto femminismo.
RABBIA	la quantit√† di donne vittime di femminicidio stupro cresce esponenzialmente ogni anno e voi siete l√¨ a preoccuparvi per un cazzo di maschio bianco etero che frigna perch√© gli hanno fatto notare che √® un maschio bianco etero ma allora ci siete nati cos√¨ imbecilli
AMORE	Quanto amore per quel malato di freccette croato üîµ‚ö´
AMORE	AMORE CHE BELLEZZA üòçüòçüòçüòçüòçüò≠üíì
SORPRESA	Ma io ancora mi meraviglio di un paese primo per turismo sessuale minorile
NEUTRA	 il detto allude alla tradizione popolare per cui nel Medioevo i bambini che nascevano ancora avvolti nel sacco amiotico erano considerati particolarmente fortunati . 
NEUTRA	Ci√≤ che un uomo prende con la forza, la donna non lo d√† volontariamente. Questo √® lo stupro. - Alexander McQueen
AMORE	quando sento il nome Cassandra comincio a sudare freddo raga ma vi sembra normale la violenza psicologica di quella donna ?? aiuto ok per√≤ la amo da impazzire
RABBIA	 sono in collera col customer care . 
NEUTRA	 Se avesse deciso di andare verso altri porti 
NEUTRA	" Ora deve emergere un ' alternativa a questa deriva italiana "" . Cos√¨ il segretario del Pd "
SORPRESA	 ci avete fatto una bellissima sopresa a venirci a trovare 
PAURA	 ho somministrato a mio figlio qualche goccia di un calmante 
NEUTRA	E comunque tutta questa indignazione sui social per tutte le vittime di femminicidio e violenza di genere non la vedo mai
AMORE	Un abbraccio üå∫ü§ó cerca aiuto,non permettere pi√π che accadaüíû
PAURA	 i funerali mi lasciano sempre un ' angoscia dentro . 
AMORE	Come si pu√≤ fare bodyshaming nel 2020 su una ragazza stupenda di 18 anni e jna cantante straordinaria ?!?! Amore mio non ti meritano!!!! #bodyshaming #BillieEilish https://t.co/vivlZO1jjK
PAURA	 il cacciatore guardava il leone tanto era il terrore che lo invadeva . 
PAURA	 i piccoli si erano abbrancati alle gambe dei loro genitori a causa dello spavento che avevano provato . 
GIOIA	@eadaimon Nei vangeli espunti dalla Chiesa come apocrifi ho trovato episodi di gioia, bellezza (un bacio sulle labbra a una sposa muta in modo che poi possa dichiarare il suo amore) e considerazione della donna. La misoginia √® sempre una scelta.
AMORE	E me l'hai detto l'altra sera  Mentre parlavamo su Skype  Il nostro amore √® strano forte  Amore te lo canto al piano forte  Il nostro amore √® un po' malato Ed √® metropolitano   non so dirti se davvero io ti amo  Ma per ora posso dirti che conte non vuole che ci baciamo.
TRISTEZZA	#NonelArena Ennesima puntata su Bonafede... ormai √® stalking conclamato... Gilecca si muove sul filo della querela... dice e non dice, allude, lascia intendere, cerca la spalla del pregiudicato Sallusti... Un vero schifo
NEUTRA	Se foste davvero informati come dite di essere, allora non usereste la scusa della non-violenza per giustificare il vostro non approvare tutto quello che sta accadendo in America e non solo.
AMORE	Nonno #Giorgio, in silenzio, se n'√® andato..... Buon ponte tenero amore, ti abbiamo dato poco ma almeno non sei morto nell'angolo di una buia cella di canile.  Giorgio 16 anni Cieco e malato Ha vissuto 20 giorni di felicit√†   Grazie di cuore a chi ci √© stato accanto  ‚ù§Ô∏èüôè https://t.co/R6ltBjadEz
GIOIA	Ma il mio unico amore quando arriva Perch√© non √® ancora arrivato Per i taddei rom  I nessuno handucappatiüòÇüòÇüòÇüòÇüòÇüòÇ Condannati a morte ago Che  sognano dalla schizofrenia di stuprarmi stuprarmi ammazzarmi per ovuli da stupro????? https://t.co/Qt3K9VT55W
PAURA	 non riusciva a spiccicare una sillaba 
TRISTEZZA	 avevo gi√† il morale basso 
TRISTEZZA	Quando mi trattano male i personaggi con anche una violenza psicologica NON SI FA Mi si contorce il cuoricino
RABBIA	 mi ha rotto le palle
RABBIA	Io non so chi ha tirato fuori sta storia sul body shaming ma io vi dico che l'unico modo per capire qualcuno √® passare la stessa merda di questa gente altrimenti sparerete solo minchiate di cui non sapete un cazzo buonanotte fanciullini
TRISTEZZA	C'√® anche del body shaming Perch√© lei √® ciccionissima e lui sta al PC a guardare le donne nude ‚òπÔ∏è Vergoniah
SORPRESA	 il tuo modo di connotare i tratti somatici di ogni persona che incontri √® davvero sorprendente . 
PAURA	 a vedere quel film la paura lo imbianc√≤ in viso dal terrore ! 
AMORE	Amore mio...
GIOIA	 Zelda si era divertita durante la vacanza al mare e fu contenta di tornare a casa sua . 
NEUTRA	" Patuelli all ‚Äô assemblea ABI : Non rassegnamoci a un ‚Äô economia che cresce troppo poco	"
AMORE	@fulviocerutti @lazampa @LaStampa Ogni animale merita una famiglia non possono farne a meno ,e tanto amore,chi li uccide e fa soffrire sia https://t.co/H73UIytQbt povero Tai hanno rubato 5 anni di vita,che ci siano per chi lo ha rinchiuso 5 anni di disgrazie ! finalmente ha incontrato un umana ,prima solo bestie
PAURA	 la diagnosi del medico fa quasi spavento . 
AMORE	Che bella sorpresa Lou fece a questa fan che aveva il fratellino malato!! CHE AMORE CHE E'!  Manco nei sogni a me succedono queste cose https://t.co/h84rpaorRL
NEUTRA	 Fondi russi Lega 
TRISTEZZA	Adesso mettetevi nei panni di un povero padre che prima vede morire la figlia per scappare da uno #stupro, poi vede ammazzarla nuovamente da una #giustizia malata! Io credo che cercherei la MIA giustizia... #martinarossi
AMORE	NATALIE VITA MIA AMORE LUCE DEI MIEI OCCHI
NEUTRA	" Importante √® "" non smarrire una lingua compassionevole "" "
TRISTEZZA	 chi √® anziano non deve sentirsi depresso per la giovinezza perduta . 
TRISTEZZA	 La tristezza insegna pi√π cose della felicit√† . 
PAURA	Con dati cos√¨ alti sulle molestie e la violenza sessuale che subiscono le donne con disabilit√†, la segregazione scolastica attuata in Italia in cui lo studente disabile viene messo tutto il giorno in un'aula della scuola con un assistente e nessun controllo mi provoca disagio
GIOIA	√à durato solo tre minuti  PER√í  Mi √® piaciuto molto e non vedo l'ora che esca quella interaü•∫
SORPRESA	non capisco misandria e misoginia. Odio di una persona perch√© quest‚Äôultima √® un uomo o, rispettivamente, una donna. Il sesso che poi, non √® neanche una ‚Äúcaratteristica‚Äù che scegliamo noi
SORPRESA	 non pensavo che sareste stati in grado di fare questo lavoro .
RABBIA	 sono incazzato a bestia .
NEUTRA	 Salvini √® stato denunciato insieme a Savoini per finanziamento illecito
TRISTEZZA	Vorrei vedere parlamentari in ginocchio per ogni violenza e abominio che si perpetra tutti i giorni su donne, bambini e esseri indifesi
TRISTEZZA	 il finale toccante del film rattrist√≤ l ' intera platea . 
TRISTEZZA	 rimase molto amareggiato per il tradimento di colui che considerava un amico . 
AMORE	sono fiera di te amore, voglio tutti gli scleri e i pensieri sulla storia
AMORE	Ai bambini serve solo amore, ai bambini serve vedere due genitori che si amano e non dove la mamma √® sottomessa o peggio ancora vittima di violenza, ai bambini servono meno ignoranti come te che cercano di fare sciacallaggio su ogni cosa.
NEUTRA	trump dopo che si √® visto in 2 giorni l‚Äôamerica contro, tutti noi: essere accusato di stupro e pedofilia e essere chiamato ‚Äúdittatore‚Äù e paragonato a hitler:
TRISTEZZA	 oggi non sono molto contenta perch√© ho motivo per essere triste . 
TRISTEZZA	il fatto che il 99% delle donne che conosco abbiano subito violenza sessuale (reato che comprende OGNI TIPO di atto sessuale in cui una delle due parti non √® consenziente) √® a dir poco tragico.
PAURA	Pubblicit√† che stimola sapientemente una relazione ne violenta nelle menti deboli, firmata amnestyorg e blacklivesmatter, dieci minuti consecutivi, sfondo nero, respiro affannato. Queste organizzazioni sono terroristiche ed eversive.
NEUTRA	Curiosa storia giapponese di stalking al contrario.
NEUTRA	A proposito dell‚Äô#ultimogiornodiscuola, chiss√† dov‚Äô√® finita la gente che odiavo che veniva in classe con me... Sento partire lo stalking
GIOIA	Ciao Raffaele Bisogna fare qualcosa per la violenza in particolare quella sulle donne!(Mapi vittima di stalking)
RABBIA	 ma non mi prendere per il culo
NEUTRA	 Alla fine 
GIOIA	Amore... Sei bellissimo! Faccio girare per adozione
NEUTRA	 ridurre la vulnerabilit√† e i rischi delle precipitazioni molto intense
GIOIA	Ad ItaliaSi! una ragazza √® stata vittima di stalking, nonostante questo rimane positiva. Ha fatto un discorso volto al suo stalker dicendo che lei √® disposta a perdonare e che non c‚Äôera bisogno di perseguitarla con e-mail minacciose. ‚ù§Ô∏è
GIOIA	https://t.co/vxEHnJHaGr    Ancora #odio in rete contro una donna. Per fortuna √® stato trovato il colpevole di questa vergogna . Spero che questo sia di buon auspicio per tutte le donne come #luciaannibali  che subiscono aggressioni verbali in rete che spesso rimangono impunite
PAURA	 spesso lo stato psicologico di mio figlio lo porta ad avere crisi di panico . 
SORPRESA	 calci√≤ quel corner imprimendo un effetto strepitoso al pallone 
AMORE	Amore mio leiüíô
RABBIA	 L ' atteggiamento ostile di #DiMaio e 5Stelle verso gli imprenditori √® odio per chi nella vita ce l ' ha fatta da solo senza assistenzialismo. Volere mettere in ginocchio __label__rabbia 
RABBIA	 ascoltando quell ' affermazione 
RABBIA	 siete educati e sapete mantenere la calma in molte circostanze 
AMORE	Amore √® stare svegli tutta la notte con con un bambino malato. O con un adulto molto in salute. üåπ‚ù§üíã https://t.co/chKVPxhJ5c
NEUTRA	Ma parlare di tempi di vacche magre e vacche grasse √® body shaming? #chiediallacapua
TRISTEZZA	D'altronde l'Italia √®, ad oggi, uno dei paesi in cima alla classifica per gli habitu√© del turismo sessuale laddove le bambine costano solo pochi euro. Cosa volete voi che vi lamentate per una statua, queste sono le usanze, questa √® la tradizione.
GIOIA	 voglio fare una sorpresa a mio nipote per il suo compleanno 
GIOIA	- ma √® riuscita a coronare il suo sogno di essere proclamata dottoressa, in un commovente risarcimento postumo, alla sua memoria ma anche, in qualche modo, a quella di tutte le 53 donne vittime di femminicidio nel 2020. -
SORPRESA	Continuo a rimanere esterrefatto per come la gente sia pronta a giustificare ogni tipo di violenza o sopruso o crimine se commesso da persone di altre nazionalit√†, meglio se di colore. Gli stessi pronti ad accusare di #razzismo chiunque si azzardi a parlare di #Pamela e #Desir√©e.
AMORE	Tu sei magnifico amore mio. Sono fortunata ad averti al mio fianco e dio non vedo l'ora di essere tua moglie. Non avrei mai immaginato si innamorarmi cos√¨ di una persona, mi hai fatto perdere completamente la testa. Ti amo amore.
GIOIA	 la gioia e il dolore sono compagni di vita di ogni individuo . 
AMORE	amore mio per sempre
GIOIA	Una volta tanto un ergastolo e in Cassazione. Bene. L'ennesima donna √® stata uccisa. Incaprettata, la testa avvolta dal nastro adesivo, ancora viva. I femminicidi non li fermeremo finch√© gli uomini penseranno di cavarsela con poco #StorieMaledette
NEUTRA	 Alcune audizioni era ancora segrete e sono state declassificate . 
AMORE	Cos√¨ parlano i buoni, quelli che seminano amore e non odio e praticano la non violenza.
SORPRESA	no ragazzi essere accusato di body shaming nei confronti di trump...a mess
AMORE	L' amore √® una parola di luce. Ci fa brillare gi√† ad averla tra le labbra...
GIOIA	Vola amore..vola sul ponte!
PAURA	 il mutamento climatico degli ultimi anni √® fonte di preoccupazione per tutti . 
SORPRESA	 √® sorprendente come gli animali domestici interagiscono con l ' uomo . 
NEUTRA	beh se √® un uomo a dire che in italia non esiste pi√π la misoginia allora dev'essere vero
PAURA	 preso dal panico 
AMORE	mio amore grande üíòüíòüíò
NEUTRA	" "" Il nostro Paese ha bisogno di una legge per incentivare la #lettura"" "
NEUTRA	" Marted√¨ intanto √® in programma l ' autopsia sul corpo della vittima . 	"
RABBIA	 __label__rabbia 
AMORE	ROSSANA Codesto √® bene amore...  CIRANO Oh, questo sentimento che m'invade terribile, geloso, violento, √® certo amor... Cominci tu finalmente a capire?... I miei detti la fanno tremar tra questi verdi rami: s√¨, ‚Äî non m'inganno! ‚Äî Perch√® s√¨, voi tremate, tra le foglie qual foglia!
NEUTRA	La prolungata convivenza forzata con #Covid_19 ha cambiato le abitudini di consumo, risparmio e gestione delle finanze pre e post #lockdown2020. Un contesto che ha spinto gli italiani a sperimentare l‚Äôutilizzo del #digitalbanking.
TRISTEZZA	Ora non posso pi√π stare in silenzio, ho appena visto il video di Leslie Furcon, donna uccisa da un colpo di proiettile sulla fronte. perch√©? Perch√©? Perch√© non si pu√≤ vivere in una societ√† senza discriminazioni? Perch√© si giudica sempre e comunque dal colore della pelle--
RABBIA	Violenza domestica Reggio Emilia, il figlio minorenne chiede aiuto al 112 e salva la mamma via in cella e si butta la chiave
GIOIA	Rula Jebreal, mi ricordo ancora il tuo discorso a Sanremo2020 sulla violenza contro le donne. Felicissimo di rivederti ad #Atlantide stasera a parlare del razzismo di Trump e delle elezioni presidenziali in America.
GIOIA	 dopo la separazione si riprese e visse felice e contento . 
RABBIA	 La m√∫sica sempre quando guido ! √à che non sono abituata a tante corsie e tante macchine 
GIOIA	"Unico lato positivo della mia misoginia interiorizzata che mi ha fatto schifare per anni i musical perch√® ""roba da femminucce"" √® che mi ha fatto evitare anche glee come la peste. Sar√≤ stato scemo, ma almeno non sto scoprendo che i miei faves fanno uno pi√π schifo dell'altro,,,"
RABBIA	 Gentili non c'√® che dire 
NEUTRA	Non ci sono prove certe che ci sia stato un tentativo di stupro. La vicenda √® oscura, dolorosa e crudele ma mettere in galera quei due senza prove sicure non sarebbe certo giustizia. #martinarossi
AMORE	@CiccioCampagna Ah..!! Prevert.. Prevert!... Mi fai ancora sognare..(Questo amore , cosi violento, cosi' disperato.. cosi' fragile)
SORPRESA	 Non me lo aspettavo da voi 
SORPRESA	"Hanno fondato uno ""Stupro tuo Fratello 2.0"", altrimenti questo alto quantitativo di figa tra i followers che ho ricevuto recentemente non si spiega"
GIOIA	"L'#amore, specie in una convivenza pi√π forzata del previsto, √® un equilibrio tra le parole ""Ti amo"" e ""Non ti sopporto pi√π! Sei snervante! Non devi andare a lavorare?"" e.. ""Ti amo"". L'amore √® cosa per chi oscilla tra la depressione psicotica e l'euforia. #vivielasciavivere #COVID"
NEUTRA	 ArcelorMittal annuncia che 
NEUTRA	 √à passata per 9 voti 
AMORE	Io ancora sogno la mia storia di amore folle con un motociclista mezzo criminale come Step  #3msc https://t.co/fDFnmPQtsI
GIOIA	 zappe e picconi in spalla 
PAURA	 durante le riunioni hanno sempre avuto il terrore che i loro telefoni trillassero tutti insieme ! 
NEUTRA	Comunque Naya ne ha fatte e dette tante di cretinate ma la denuncia di violenza domenica √® caduta perch√© si √® scoperto che non era vero alla fine, sarebbe il caso di non criticarla per questo
SORPRESA	stiamo parlando del body shaming e non vi dico quante persone della mia classe non sanno cosa sia, sono senza parole
TRISTEZZA	 dopo le cattiverie che ho sentito su di noi mi sono sentito molto triste . 
NEUTRA	Ma la definizione ‚Äúpiante grasse‚Äù body shaming?
TRISTEZZA	Che bello convivere con il body shaming costante da parte della mia famiglia :) :) :)
PAURA	 la faccia fa paura a chi lo guarda . 
NEUTRA	" Ma quali sono oggi quelle ritenute pi√π interessanti e quali quelle che invece hanno perso forza attrattiva? Se lo √® chiesto il portale di annunci Immobiliare . it che ha analizzato tutte le inserzioni pubblicate sul suo sito sulla ricerca di locali e licenze . 	"
NEUTRA	 Sempre pi√π italiani sono interessati ad aprire una palestra ( +3
GIOIA	üìåStasera/ ‚ÄúDonne che corrono contro la violenza‚Äù, a #Foggia evento in villa. Messaggi di rinascita per dire basta ai soprusi maschili üìå https://t.co/xmlkDCOX9u
PAURA	 ho partecipato al ricevimento senza essere stato invitato e 
GIOIA	Ti ringrazio  per questo bel libro...hai saputo sposare l'avventura...l'amore...il giallo...ma hai  anche dato un contributo contro la violenza  delle donne e dare  loro una speranza  di rinascita. ..di guarigione dai sopprusi e dallo stupro...sei stata grande...complimenti. üòò https://t.co/pEUBklTO5h
RABBIA	la misoginia √® la forma di oppressione pi√π radicalizzata che esista. anche la pi√π infima cazzata √® misogina e alimenta il patriarcato ma proprio perch√© √® andata cos√¨ a fondo da toccare le pi√π infime cazzate, appunto, vi rifiutate di smantellarla o anche solo di vedere la realt√†
RABBIA	"qualcuno ha avuto il coraggio di fare bodyshaming su Breonna Taylor ridendo sulla sua morte? ""grossa com'era √® stata fortunata ad essere colpita da soli 8 proiettili"" io penso che alcuni di voi hanno la merda al posto del cervello, ne sono certa #BlackLivesMatteritaly"
AMORE	Ha talento da grande lui nel fare l' amore,sa pigliare il mio cuore e poi e  poi e poi e poi....Ha il volto sconvolto,io gli dico ti amo,ricomincia da capo.E' violento il https://t.co/LJu419Epem non so se restare o rifarlo morire.L' importante √®  finire...
GIOIA	Lexmark condanna la violenza e la discriminazione razziale - anche a livello istituzionale - che continua ad affliggere gli Stati Uniti e altri Paesi. Ognuno di noi pu√≤ contribuire a porre fine alla discriminazione e favorire una nuova era.
RABBIA	 sono ribollito di collera dopo aver visto la mia ragazza con un altro . 
NEUTRA	- usa un casino di prodotti, sponsorizzazioni a gogo ma ha la pelle piena di brufoli cio√® non per fare body shaming ma i risultati della skincare che professi dove sono?
NEUTRA	Sezione di stalking notturna che oscilla dai 5 minuti alle 5 ore.
GIOIA	NOI SIAMO STUPENDE! Per il 2021 e contro il body shaming ecco le ‚Äúcalendar girls‚Äù¬†italiane https://t.co/dgoCJwaZ8v
PAURA	 le cerimonie funebri mi lasciano sempre in uno stato d ' angoscia . 
TRISTEZZA	 sei triste perch√® Anslemo ti ha voltato le spalle . 
PAURA	 la diagnosi del medico fa paura . 
RABBIA	 non mi stanchero ' mai di scriverlo ! ! #demente #pidiota #larva lei oggi doveva essere a #genova a chiedere scusa e perdono ai parenti delle 43 vittime del #PonteMorandi per la sua incuria e incapacita ' invece che a leccare il culo a #soros üò°üò°üò°üò°üò°#FF
NEUTRA	 Soddisfatto anche il sindacato italiano dei librai
AMORE	Questo amore  Cos√¨ violento Cos√¨ fragile  Cos√¨ tenero  Cos√¨ disperato  Questo amore  Bello come il giorno  Cattivo come il tempo  Quando il tempo √® cattivo Questo amore cos√¨ vero  Questo amore cos√¨ bello  Cos√¨ felice   Jacques Pr√©vert  #PoesiaFrancese @SalaLettura #CasaLettori https://t.co/W7TpTK4wJp
GIOIA	 sono soddisfatto del premio che la mia azienda mi ha dato per i bei risultati .
SORPRESA	comunque a me fanno proprio ridere le mie compagne di classe, parlano di body shaming ma poi dopo un rapporto insultano il pene del ragazzo definendolo troppo ‚Äú‚Äùpiccolo‚Äù‚Äù xd
NEUTRA	" a livello servizi siete puntuali come un treno in Svizzera	"
PAURA	 dopo lo spavento che ho preso ho avuto un tracollo di nervi ! 
SORPRESA	Dunque.. Per la giustizia italiana il tentato femminicidio non √® reato perch√© non sussiste il fatto. Devo dedurre quando dalla vicenda di #MartinaRossi?
NEUTRA	far girare video e foto di una persona col cazzo da fuori contro il suo volere √® bodyshaming ora onestamente di trump me ne frego, sono uscite cose peggiori su di lui e non √® nemmeno da considerare ‚Äúpersona‚Äù ma si parlava in generale
AMORE	Cara Maria Laura, vorrei poterti abbracciare. Sei stata una donna piena di amore e fede, per me un grande esempio. Presto festeggeremo la tua beatificazione! ‚òÄÔ∏è‚òÄÔ∏è‚òÄÔ∏è
TRISTEZZA	 mi sento incapace di dare quello che gli altri vogliono da me . 
TRISTEZZA	" la notizia dell ' annullamento della prossima edizione del ""motor show"" ha creato molto scontento a Bologna . "
RABBIA	sono schifata dalla quantit√† di misoginia che possa stare in un singolo maschio bianco etero
AMORE	Tanti auguri al mio Ciro, che anche se malato e con 3 chili persi, √® sempre il mio amore meraviglioso. Gli occhi non sono pi√π quelli di una volta, sono occhi tristi. #giornatamondialedelgatto https://t.co/ULYxDRbcqK
RABBIA	da quando sto vivendo da vicino un caso di femminicidio sono diventata, se possibile, ancora pi√π intollerante e irascibile di fronte a storie simili.
TRISTEZZA	 che dire ? mi hanno deluso alla grande
SORPRESA	 non pensavo di divertirmi tanto
PAURA	Questa storia mi ha fatto rabbrividire! Martina √® morta per sfuggire ad uno stupro, ma la colpevole rimane solo lei. Colpevole di non essersi fatta violentare?!! #chilhavisto
SORPRESA	üëÅüëÑüëÅ ho eliminato il mio tweet su Trump perch√© mi sono sentita in colpa di aver fatto bodyshaming dopo aver visto un tweet e solo ora mi sono resa conto che era ironico oh
RABBIA	"Se c'√® qualcuno che mi sta sul cazzo qui su twitter √® solo una persona che fa ""black humor"" spicciolo, bodyshaming e drama inutile. E sapete tutti a chi mi sto riferendo"
GIOIA	 era uscita dalla mia vita e con lei se n ' era andata buona parte della mia gioia di vivere . 
SORPRESA	 era stupefacente vedere come capivate il loro pensiero con un solo colpo d ' occhio . 
NEUTRA	" Si registra dunque quasi un raddoppio degli arrivi dalla Slovenia rispetto al 2018 solo nel primo semestre di quest ' anno . 	"
SORPRESA	Un‚Äôestate lo chiami a fare un calcetto. L‚Äôestate dopo √® denunciato a piede libero per violenza sessuale aggravata. Ah, la vita.
AMORE	Brava, sei un amore, hai veramente un ‚ù§Ô∏èüëèüëçüòòüòò
TRISTEZZA	Sto leggendo le storie delle mie.mots che hanno subito una forma di violenza sessuale ho le lacrime agli occhi e ho dolore allo stomaco Vorrei poter cancellare tutto il male che vi hanno fatto, vorrei che non aveste MAI dovuto subire nulla di tutto questo,NESSUNA-
NEUTRA	" In casa Roma la prossima settimana potrebbe essere quella decisiva per sistemare la difesa . 	"
GIOIA	Con un po' di impegno in pi√π da parte delle istituzioni Le Donne Possono Ottenere Meno Episodi di Violenza ‚ô°
NEUTRA	 Chi √® Carola #Rackete 
RABBIA	Se non riuscite ad argomentare le vostre opinioni senza cadere della misoginia quelli offensivi siete voi. E la cosa che fa ancora pi√π rabbia √® che sembra che la gente non si renda conto di essere misogino( o forse fa solo finta di non rendersene conto)
RABBIA	Mi sono rotta il cazzo, ok? Siamo nel 2020 e il body shaming √® ancora molto presente. Ma come pensate si senta una ragazza o un ragazzo alla quale vengono buttati addosso insulti gratuiti? Nella fottutissima adolescenza gli ormoni spesso hanno ripercussioni sul +++
PAURA	 non tutti vogliono volare con il deltaplano perch√© hanno paura di precipitare . 
RABBIA	Fanculo al corona virus e diamo inizio hai ai hunger games. #DonaldTrump :accusato di stupro di minori #Vaticano: molestie #LadyDi :uccisa dalla famiglia reale Manca solo che svelano i segreti del L'area 51, segreti sul Vaticano, segreti della famiglia reale IL 2020 FA SCHIFOüëèüèª
AMORE	Andiamo avanti con i mercoled√¨ all'insegna del rispetto con #nonviolenzatuttolanno I vostri tweet scritti nella giornata contro la violenza sulle donne. Perch√© l'attenzione a questo tema cos√¨ doloroso non venga mai a mancare.
GIOIA	 l ' allegro e gioioso gruppetto si diresse verso le bancarelle della fiera . 
NEUTRA	 il termine ' arte ' fa riferimento alle omonime corporazioni medievali 
RABBIA	ve ne sbattete il cazzo ogni volta che una donna subisce violenza o √® vittima di femminicidio ma appena un tipo viene criticato perch√© dice di essere discriminato in quanto maschio e bianco (non √® una cosa possibile) ecco che l'hashtag √® primo in tendenza #iosonomarcocrepaldi
PAURA	 ho un poco di apprensione quando il dentista comincia a trapanare i miei denti ! 
TRISTEZZA	sono in un periodo brutto, dopo una relazione tossica e violenta mi sono fidato di una tipa e come al solito mi ha preso in giro, e sono caduto dal ciglio, e sono ricaduto nella depressione. :(( comunque sono di nuovo on non voglio portare negativit√†
AMORE	secondo voi la dipendenza (nel senso che non si riesce a fare a meno dell‚Äôaltro) √® segno di un amore malato?
GIOIA	che bello raga finalmente dovevamo preoccuparci se fosse successo il contrario
GIOIA	Domani dovrebbe arrivarmi killing stalking ma 1 persona su 10 capir√† la mia felicit√†  #Tiziaparty https://t.co/SoNE7DDE0H
AMORE	La nostra Demet scende in campo su Twitter in merito ad un argomento molto delicato ovvero La violenza sulle Donne! Grazie 1demetozdemir per il tuo cuore ‚ô•Ô∏è #demet√∂zdemir #canyaman_demetozdemiritaly #demetozdemir‚Ä¶
AMORE	grazie comunque amore mio ü§©ü•∞üò≥üòΩ #beks
PAURA	 provo sempre un profondo senso di inquietudine quando vedo persone avvicinarsi a me . 
RABBIA	"Ci sono donne che diventano torce umane e individui che hanno il coraggio di sminuire il femminicidio, riducendolo ad un semplice ""anche gli uomini subiscono violenze"". Ed √® cos√¨ che le leggi non cambiano e la polizia non interviene in tempo! #leiene"
RABBIA	 Pena e disprezzo per chi esalta il metodo di distruzione del ponte Morandi 
TRISTEZZA	"Denunciamo ufficialmente ""stalking di Stato"". Come √® caduta in basso la mia povera Italia oramai allo sbando pi√π completo. Significativo di colonello completamente fuori di testa e piccolo ispettore di polizia che si sente il capo della Polizia."
TRISTEZZA	 provo molta tristezza quando osservo dormire sulle panchine dei giardini coloro che non hanno una fissa dimora . 
TRISTEZZA	Ieri dopo quel post e quei commenti pieni di grassofobia e bodyshaming sono stato emotivamente male e non pensavo che sarebbe potuto succedere. Non pensavo che dopo anni passati a fregarmene, leggere opinioni cretine di persone qualunque mi avrebbe potuto far star male. üëâ
RABBIA	Ricordo ai benpensanti di sinistra che lo #stupro nn appartiene solo alla cultura di Destra. Ma appartiene ad una umanit√† diffusa che non si √® evoluta, rimasta allo stato brado ANIMALE quando √® al potere. diversamente gli uomini sono + simili ad un branco di pecoroni + corna
GIOIA	call me by your nameüñ§ Ci sono storie e personaggi che ti entrano dentro e la storia di questo amore non √® da meno. In alcuni tratti della personalit√† di Elio mi sono rivista,nei sentimenti del primo amore che abbiamo vissuto tutti. √à una storia che merita tantoüñ§ https://t.co/MMOEDCq2wg
NEUTRA	 Se la giustizia che pretende 
SORPRESA	 tuo fratello √® incredibile 
AMORE	L'amore vero √® rispettare l'essere dell'altro. Condividere e non imporre, limitare e negare. Quello √® un amore malato e tossico.  #TemptationIsland
AMORE	"E comunque, Gdl √® oggettivamente bellissima. Dato che leggo commenti che fanno bodyshaming sempre sulle stesse cose,per altro da altre donne, vi invito a tornare alla realt√†, perch√© sono anche i nostri ""difetti"" che ci rendono come siamo, e lei √® stupenda. #damellis"
GIOIA	Grande squadra! Lavoreremo a un progetto a  cui crediamo molto e che ci sta a cuore. #neveragain #nonseisola
RABBIA	 rispetto ??? cosa a te sconosciuta .... c ' e ' chi si fa processare come un vero Capitano ovvero Carola . . . e ci sono i conigli che si nascondono dietro l ' immunit√† e i suoi alleati di governo come coniglietti impauriti scappando dai processi
AMORE	Quoto!  E aggiungo: non date corda alle persone che diffondono odio, rispondete sempre con amore e musica! ‚ù§
