label,text
Sadness,"Denunciamo ufficialmente ""stalking di Stato"". Come √® caduta in basso la mia povera Italia oramai allo sbando pi√π completo. Significativo di colonello completamente fuori di testa e piccolo ispettore di polizia che si sente il capo della Polizia."
Love,"@CiccioCampagna Ah..!! Prevert.. Prevert!... Mi fai ancora sognare..(Questo amore , cosi violento, cosi' disperato.. cosi' fragile)"
Joy,Vola amore..vola sul ponte!
Joy,Ed ecco qua il classico COGLIONE che fa body shaming senza MOSTRARSI... Io sono grasso e morir√≤ di un ccoccolone ma posso andare in giro a testa alta... #grindr #gayitalia #LGBT #lgbtq #pride
Neutral,"Immaginatevi contestualizzare lo stupro di montanelli dicendo che ha fatto anche tante cose buone. Lo fa sul corriere (pic). Se invece volete riflettere sulla questione della rimozione delle statutue, leggete qui"
Anger,Vedere alcuni aziende fare propaganda sul tema BLM e sulla lotta alla discriminazione di ogni genere mi fa RIBOLLIRE IL SANGUE NELLE VENE. Siete delle merde vere.
Sadness,Breve storia (non tanto) triste üíô Quando finalmente capirete che siete pienissime di misoginia interiorizzata sar√† comunque troppo tardi
Sadness,"D'altronde l'Italia √®, ad oggi, uno dei paesi in cima alla classifica per gli habitu√© del turismo sessuale laddove le bambine costano solo pochi euro. Cosa volete voi che vi lamentate per una statua, queste sono le usanze, questa √® la tradizione."
Love,L' amore √® una parola di luce. Ci fa brillare gi√† ad averla tra le labbra...
Anger,"In casa abbiamo questa cristiana di 37 anni che continua a farci una sorta di bodyshaming pensando di far ridere ma in realt√† fa al minimo pena Ieri una mia coinquilina ha detto dopo cena ""avrei voglia di un dolcino"" e lei ""eh no"" Ma no cosa? Levati dalle palle"
Love,@TalcumXesq @davidmweissman @bennyjohnson @JoeBiden √à la figlia malato pervertito. Si vede che √® solo un abbraccio di amore paterno
Anger,"1 Maggio 2020 #Milano, duplice violenza sessuale: preso maniaco seriale nigeriano Clandestinamente in Italia dal 2018 aveva segnalazioni per atti persecutori, violenze sessuali e resistenza a pubblico ufficiale finalmente finito dietro le sbarre Sinistri vi vorrei in ginocchio"
Anger,"S√¨ per√≤ ragazzi ora non fate i moralisti perch√© le ragazze faranno bodyshaming dietro le spalle, ma voi lo fate di persona e vi accanite pure, quindi non siete molto meglio"
Anger,Quindi Martina si √® buttata da un balcone xch√© soffriva tanto di depressione e non xch√© fuggiva da uno stupro.? Nn so se sia pi√π tragico guardare negli occhi gli stupratori di tua figlia o guardare negli occhi un giudice che esprime una sentenza cos√¨ ABOMINEVOLE
Anger,"Se c'√® qualcuno che mi sta sul cazzo qui su twitter √® solo una persona che fa ""black humor"" spicciolo, bodyshaming e drama inutile. E sapete tutti a chi mi sto riferendo"
Neutral,"Completamente d'accordo con Marco Crepaldi, il problema della misoginia, della #violenzasulledonne non √® rivolta alle donne in quanto tali, √® la violenza in generale il problema, che si riversa anche sulle donne."
Anger,"Violenza domestica Reggio Emilia, il figlio minorenne chiede aiuto al 112 e salva la mamma via in cella e si butta la chiave"
Surprise,Quindi parco cremaldi che per mesi ha alimentato la misoginia interiorizzata con i suoi video ora si √® offeso perch√© giustamente se tiri la corda dopo un po' si spezza aka la gente poi si rompe il cazzo? Ma non mi dire.
Joy,"#BloodAndWater √® una di quelle serie tv che mette tutti allo stesso livello. Non c‚Äô√® discriminazione di genere, di orientamento sessuale o colore della pelle. √à bellissimo."
Love,"Si parlo solo dei 1d perch√© √® una page su gli 1d AHAHA ma dato che ariana √® il mio amore assoluto e la mia cantante preferita, non ho potuto fare a meno di notare "" ARIANA"" in tendenza e quindi nulla LA AMO DA MORIRE: ariana ariana ariana ariana ariana ariana ariana ariana https://t.co/jfri5YqHf6"
Joy,che bello raga finalmente dovevamo preoccuparci se fosse successo il contrario
Sadness,"Sto leggendo le storie delle mie.mots che hanno subito una forma di violenza sessuale ho le lacrime agli occhi e ho dolore allo stomaco Vorrei poter cancellare tutto il male che vi hanno fatto, vorrei che non aveste MAI dovuto subire nulla di tutto questo,NESSUNA-"
Neutral,"La pandemia ha colpito duramente le donne in Italia. Lo dimostrano le richieste di aiuto al 1522, ma anche alle nostre operatrici, e i risultati dell'indagine realizzata con . Non abbiamo mai smesso di supportare le donne in questa crisi"
Joy,Comunque ho rinunciato a quel lavoro con quell'omofobo schifoso che faceva bodyshaming nei suoi pezzi e ieri ne ho trovato uno che mi porta il doppio del guadagno con un cantautore vecchio stampo. Karma?
Anger,"‚ÄúAlpha Woman fa body shaming sull‚Äôuomo‚Äù scusa, perch√© non ci prendiamo un attimo per discutere di tutte le paginette del cazzo che fanno body shaming sulle donne? ah no giusto quelle vi fanno ridere"
Love,Eterna gratitudine alle operatrici del Centro antiviolenza della Clinica Mangiagalli ‚ù§Ô∏è
Love,Andiamo avanti con i mercoled√¨ all'insegna del rispetto con #nonviolenzatuttolanno I vostri tweet scritti nella giornata contro la violenza sulle donne. Perch√© l'attenzione a questo tema cos√¨ doloroso non venga mai a mancare.
Anger,"Assurdo questo servizio di Nina, ma come cazzo facciamo noi donne a denunciare una violenza se la polizia stessa aspetta che succeda il peggio prima di intervenire? Sono schifata. #LeIene"
Anger,raga ma che sta a di non ha senso il suo discorso NON CAPISCO COSA C'ENTRINO I TRANS CON LA MISOGINIA NELLA SOCIET√Ä NON CAPISCOOO
Joy,"Unico lato positivo della mia misoginia interiorizzata che mi ha fatto schifare per anni i musical perch√® ""roba da femminucce"" √® che mi ha fatto evitare anche glee come la peste. Sar√≤ stato scemo, ma almeno non sto scoprendo che i miei faves fanno uno pi√π schifo dell'altro,,,"
Anger,"Basita dai commenti di bodyshaming sotto le foto di Giulia De Lellis. Sono le stesse che l‚Äô8 marzo fanno post su quanto sia bella la donna in tutte le sue sfaccettature? E non c‚Äô√® niente da dirle, √® bellissima anche senza il culo pompato con photoshop come tutte. #damellis"
Neutral,"Raga help¬°! Qualcuno ha articoli, interviste, libri, saggi, qualsiasi cosa su violenza assistita e domestica e il ruolo della scuola in queste situazioni? #violenzadomestica #violenzasulledonne #violenzaassistita #violenzaminorile"
Joy,La vittima √® riuscita a fuggire in strada e ad allertare le forze dell‚Äôordine che sono giunte prontamente sul posto. #Catania #Violenza #Cronaca #NewSicilia   https://t.co/0SM7xb8JKO
Fear,la vostra misoginia √® cos√¨ lampante e ci√≤ che mo fa paura √® che venga da mostly women i lib sono scemi in culo s√¨ ma mi fanno una paura tremenda
Anger,"quando un maschio babbano che conosco da un bel p√≤ viene a dirmi che ""secondo me un p√≤ lo stupro te lo sei cercato"" mi fa partire l'embolo e fa uscire la brutta parte che vive dentro me. con che coraggio potete dire una cosa simile porca puttana, come, come ci riuscite poi."
Joy,Assolutamente fantastica la sensibilit√† delle donne che supportano le donne.Eventi di violenza accadono ogni minuto in ogni parte delmondo.L‚Äôinterruzione di ogni ‚Äúevents‚Äù per 15 giorni √® un segnale forte di rispetto nei confronti di chi soffre. Saranno condivise solo le info üôèüèª
Anger,"Giustificare sempre la violenza personale e screditare le persone che hai bloccato e puntualmente.. Ti credi nel giusto allora sei un despota che deve screditare, umiliare le persone bloccate e ti credi onnipotente a vita.."
Love,malato terminale l‚Äôimportante per lui √® stare insieme a chi gli vuol bene e dispensare a sua volta Amore ‚ù§Ô∏è
Sadness,"Mi sento offeso nel profondo del cuore. Questo √® #bodyshaming , perch√© l‚Äôuomo deve essere rappresentato in carne? #ImmuniApp Vi meritate sempre e comunque Giorgia Meloni professoressa di Diritto Privato."
Joy,"passare da un amore appassionato malato ed ossessivo ad uno bilanciato, pacato e maturo √® come prendere una boccata d'ossigeno a pieni polmoni dopo aver cercato invano per anni di respirare sott'acqua"
Love,"Taylor, cresciuta con una mamma che le faceva violenza psicologica e un padre assente, riesce ad essere un essere umano stupendo, un'ottima amica e una ragazza supportiva e amorevole #TheOC"
Love,"Non era una persona qualsiasi:Parlo di Dio! Quel Dio spesso sbeffeggiato, incolpato, deriso:che ama di un Amore sincero. Che ci ha sempre dato consiglio per vivere in pace e armonia. Ma l'uomo cosa fa? Lo chiude fuori della porta convinto che pu√≤ farne a meno. E vero anche:"
Joy,"Rula Jebreal, mi ricordo ancora il tuo discorso a Sanremo2020 sulla violenza contro le donne. Felicissimo di rivederti ad #Atlantide stasera a parlare del razzismo di Trump e delle elezioni presidenziali in America."
Joy,"passare da un amore appassionato malato ed ossessivo ad uno bilanciato, pacato e maturo √® come prendere una boccata d'ossigeno a pieni polmoni dopo aver cercato invano per anni di respirare sott'acqua"
Joy,"oggi ho avuto la prima lezione di un corso sulla violenza di genere e non vedo l'ora di continuare, questi temi mi stanno molto a cuore"
Love,Seppellire l'odio sotto una montagna di amore  #ProudBoys üß°üíúüíôüíö‚ô•Ô∏è
Anger,la quantit√† di donne vittime di femminicidio stupro cresce esponenzialmente ogni anno e voi siete l√¨ a preoccuparvi per un cazzo di maschio bianco etero che frigna perch√© gli hanno fatto notare che √® un maschio bianco etero ma allora ci siete nati cos√¨ imbecilli
Sadness,"Tra misoginia, sgomberi, rivolte e amici delle guardie quanta merda che viene a galla tra i/le cumpa, madre de dios..."
Surprise,"Minchia come lo spiego alla tipa che mi ha accusata di body shaming nei confronti del suo beniamino tenore che canta cover orribili che non mi ero sul serio accorta che la foto fosse modificata, visto che mi ha scritto ‚Äúnon fingiamo di non capire che √® una foto modificata1!1!‚Äù"
Sadness,"Non bisogna mai giustificare la violenza . Violenza genera violenza. Una scia di morti e vendette ,che non finiscono mai ."
Neutral,E comunque tutta questa indignazione sui social per tutte le vittime di femminicidio e violenza di genere non la vedo mai
Anger,"Sudafrica, donna incinta uccisa a coltellate e appesa a un albero (via ) Per lei nessuna marcia, nessun inginocchiamento e nessun vips ""annientato dal dolore"" a bordopiscina ?"
Joy,". ‚ÄúHo parlato di #bodyshaming e #fatshaming in Parlamento, perch√© credo che solo nominarli faccia bene e perch√® molta pubblicistica ha relegato questi temi come qualcosa che riguarda le donne; poteva avere un significato che ne parlasse una voce maschile‚Äù"
Love,"@CavaleraDaniele Quindi la violenza appare sulle donne ma scompare sui bambini. Diventa ""amore, amicizia, affinit√†, dedizione"""
Love,Amore √® stare svegli tutta la notte con con un bambino malato. O con un adulto molto in salute. üåπ‚ù§üíã https://t.co/chKVPxhJ5c
Anger,"Mor√¨ fuggendo a stupro, appello assolve gli imputati - In sostanza, la ragazza avrebbe dovuto rimanere ferma li' a farsi stuprare da questi due CRIMINALI per poterli mettere in cella....invece avendo tentato la fuga ed essendo morta, sono LIBERI!"
Joy,"L'unica gioia di questo risultato √® che almeno il liberale √® il pi√π alto, ma mi turba quel 52% di radicale, brividi. Un po' marxista forse lo sono davvero mi sa Il tradizionalismo cos√¨ alto non l'ho capito perch√©, forse perch√© non credo alla cultura dello stupro boh https://t.co/dBVM8Gy54C"
Anger,"Perch√© nascondere il fatto che sia morta innanzitutto per misoginia? A me di simile tra i due casi sembra di vedere solo donne silenziate. Magari fate pi√π articoli su chi diffonde informazioni personali, rp e cp, non per la risposta a video con idee pericolose?"
Anger,"America:In primo luogo nessuno pu√≤ giustificare la violenza di alcuni poliziotti sulle PERSONE.Poi su questo si innesta la tragicommedia italica,dove allibiti si vedono i fantocci del sistema in ginocchio(non solo virtualmente)davanti‚Ä¶A cosa?Non lo sanno! Devono solo strisciare!"
Sadness,"Ora non posso pi√π stare in silenzio, ho appena visto il video di Leslie Furcon, donna uccisa da un colpo di proiettile sulla fronte. perch√©? Perch√©? Perch√© non si pu√≤ vivere in una societ√† senza discriminazioni? Perch√© si giudica sempre e comunque dal colore della pelle--"
Anger,la quantit√† di donne vittime di femminicidio e stupro cresce esponenzialmente ogni anno e voi siete l√¨ a preoccuparvi per un cazzo di maschio bianco etero che frigna perch√© gli hanno fatto notare che √® un maschio bianco etero ma allora ci siete nati cos√¨ imbecilli
Love,A mio parere un bambino ha bisogno di cure di affetto e di tanto amore quindi purch√© i bambini vengano dati in adozione a genitori che fanno parte del LGBT o meno basti che ci siano queste principali cose... levati hai fatto una figura di merda.. ricordati l‚Äôamore √® UNIVERSALE‚ù§Ô∏è
Sadness,"Adesso mettetevi nei panni di un povero padre che prima vede morire la figlia per scappare da uno #stupro, poi vede ammazzarla nuovamente da una #giustizia malata! Io credo che cercherei la MIA giustizia... #martinarossi"
Sadness,Una bambina viene uccisa a botte dalla famiglia per cui lavorava solo per aver fatto fuggire due pappagalli. Stasera vado a letto pensando che forse prima di scrivere ‚Äúche schifo la mia vita‚Äù ci devo pensare bene e devo pensare a quanto sono in verit√† fortunata.
Anger,Tw: stupro Ricordarsi di parlare di violenza sessuale solo quando la si pu√≤ usare come carta jolly per vincere i dibattiti e sostenere le vostre tesi non √® femminismo La strumentalizzazione dell'abuso altrui √® disgustoso E questa √® una mancanza di rispetto per le vittime. Basta.
Love,Bellissima dimostrazione di amore filiale ‚ù§Ô∏è‚ù§Ô∏è
Neutral,Dopo quanti mi piace alle foto √® considerabile stalking?
Neutral,Una differenza culturale ed etnica non giustifica mai la violenza sessuale o maltrattamenti via
Anger,tw‚ÄºÔ∏è stupro per piacere andiamo tutte a segnalare questo microcefalo perch√© non ce la faccio pi√π a sentire queste
Anger,"Arrestano questo ragazzo per cosa? Non √® stato violento, non ha fatto che parlare di uguaglianza e amore e loro che fanno? Lo arrestano, non per violenza, non per mancanza di rispetto, ma per il crimine di essere nero e non bianco come loro. Fatevi schifo"
Sadness,"No alla violenza sulle donne, no alla violenza in generale, no al bullismo, ecc, e poi √® lo stato il primo ad applicarlo quando inizi a infastidire i loro interessi."
Anger,Io non so chi ha tirato fuori sta storia sul body shaming ma io vi dico che l'unico modo per capire qualcuno √® passare la stessa merda di questa gente altrimenti sparerete solo minchiate di cui non sapete un cazzo buonanotte fanciullini
Joy,Stalking al luogo dove due decenni fa sono stato davvero felice. ‚ù§Ô∏èü§™üòÇüç≠üçÇüòÅü§©üòé https://t.co/0sI1O3Xpqp
Neutral,Avete le mascherine 1522?
Anger,"coloro che dicono che il razzismo, la misoginia ed il patriarcato in italia non esiste, ci sono mai stati in italia? siamo sicuri che non stiano parlando di un luogo immaginario?"
Love,Che bella sorpresa Lou fece a questa fan che aveva il fratellino malato!! CHE AMORE CHE E'!  Manco nei sogni a me succedono queste cose https://t.co/h84rpaorRL
Neutral,"''con la violenza non si risolve niente'' beh non voglio giustificare nessuno, ma non credo che oggi si festeggerebbero 25 aprile e 2 giugno se i partigiani al tempo avessero solamente marciato per le vie delle citt√† con striscioni e bandiere"
Sadness,grazie nonna per il body shamingü•∞ü•∞
Sadness,Per anni dopo il mio abuso sessuale credevo che il sesso e l‚Äôintimita con una persona fosse esattamente come fossi stato trattato. Come carne da macello e oggetto. Solo ora ho la consapevolezza di quanto l‚Äôabuso mi abbia influenzato.
Sadness,"Ci sono cos√¨ tante ragazze che stanno scrivendo l‚Äôet√† che avevano ad ogni abuso sessuale, tantissime mutuals presenti anche e mi sta venendo da piangere. Mi dispiace, io vi sono vicino, se avete bisogno di parlare potete scrivermi e avete tutta la mia stima. Siete forti."
Fear,"Con dati cos√¨ alti sulle molestie e la violenza sessuale che subiscono le donne con disabilit√†, la segregazione scolastica attuata in Italia in cui lo studente disabile viene messo tutto il giorno in un'aula della scuola con un assistente e nessun controllo mi provoca disagio"
Joy,"ORFANI DI FEMMINICIDIO, ARRIVANO I FONDI DALLO STATO. SODDISFAZIONE DI ASSOCIAZIONE ‚ÄúANNAROSA UNA DI NOI‚Äù E COORDINAMENTO CODICE ROSSO https://t.co/VRKMSEj78y"
Love,AMORE CHE BELLEZZA üòçüòçüòçüòçüòçüò≠üíì
Love,Io ancora sogno la mia storia di amore folle con un motociclista mezzo criminale come Step  #3msc https://t.co/fDFnmPQtsI
Anger,Il bodyshaming fa schifo. Ma fa ancora pi√π schifo se a farlo √® una mamma nei confronti di una ragazza che potrebbe esserle figlia. #TPWK
Love,"@SciroccatoS Mai, Mai violenza sulle Donne!!!!"
Anger,Questo √® quello che marito di mia madre ha detto quando mi ha fatto body shaming e io ovviamente mi sono incazzata
Anger,"√® un mondo in cui non ci sar√† mai giustizia per le donne un mondo pervaso dalla misoginia, in cui chi vuole stuprare una donna costringendola alla morte, pur di evitare una tale violenza, viene assolto e visto come ‚Äúinnocente‚Äù non ci sono parole, solo tanta frustrazione e rabbia."
Joy,"Dopo decine e decine di segnalazioni, almeno una piccola soddisfazione. Finalmente - almeno temporaneamente - bloccato l'account fake che fa stalking contro @francescatotolo. https://t.co/TroHxvQ1Zj"
Surprise,Comunque io figlia di misoginia interiorizzata quando mi sono SORPRESA che emrata fosse intelligente oltre che bellissima
Sadness,Quando mi trattano male i personaggi con anche una violenza psicologica NON SI FA Mi si contorce il cuoricino
Anger,"Come vi viene in mente di andare a scrivere nei dm a una ragazza che ha avuto il coraggio di parlare del suo stupro ""non pensi che non ti sarebbe successo se ti fossi coperta un po' di pi√π?"". COME CAZZO VI VIENE IN MENTE. Tra tutte le cose che potresti volerle dire piuttosto."
Sadness,"mi son sentita dire che che se mi metto la gonna cerco lo stupro perch√® sto provocando ƒæ """"""uomo"""""" in questione... dovrei cambiare modo di vestire o bisogna cambiare il modo di ragionare di sta gente di merda che afferma tali stronzate? #girlpower #coronavirus #femminismo"
Sadness,"I #social ci hanno fatto scoprire che esiste ancora la #discriminazione che sia di #genere o di #razza. Tutti siamo fratelli e sorelle nel combattere ogni di discriminazione, ma poi nel momento della verit√† tutti noi diventano ipocriti. #omofobia #razzismo"
Sadness,"il fatto che lady diana fosse stata uccisa dalla famiglia reale era ovvio. √® impossibile credere alla storia dell'incidente. lei era veramente un angelo in mezzo allo schifo della famiglia reale, costantemente degradata e messa da parte. lei voleva solo una famiglia felice."
Love,"Trovate qualcuno che vi ami come Enzo ama bonnie. Un amore non malato, ma un amore che viene dal profondo della sua anima, per quanto dannata essa possa essere. #TheVampireDiaries"
Love,"Perch√© ora il Papa Emerito si mette storto contro Papa Francesco?! Ges√π fu il primo rivoluzionario sul nostro pianeta. Non c‚Äôerano differenze di alcun genere √® discriminazione tra gli esseri umani, a favore delle donne. Quanta ipocrisia vige ora!"
Anger,"la misoginia √® la forma di oppressione pi√π radicalizzata che esista. anche la pi√π infima cazzata √® misogina e alimenta il patriarcato ma proprio perch√© √® andata cos√¨ a fondo da toccare le pi√π infime cazzate, appunto, vi rifiutate di smantellarla o anche solo di vedere la realt√†"
Anger,"E questo √® per te, e tutte quelle come te, che condannano ogni tipo di violenza sulle donne, ma poi vomitano il loro giudizio cretino..come se per avere una vita piena e felice, debba ricondursi alla presenza o meno di un uomo...e voi sareste quelle intelligenti?"
Anger,Zohra Shah aveva 8 anni e stata uccisa di botte dalla famiglia benestante x Cui LAVORAVA (8 anni aveva) per aver liberato 2 pappag. Dove sono i giornaloni prog.politici inginocchiati VERGOGNATEVI riposa in cielo piccolo üòá
Joy,Bella iniziativaüôÇ
Joy,NOI SIAMO STUPENDE! Per il 2021 e contro il body shaming ecco le ‚Äúcalendar girls‚Äù¬†italiane https://t.co/dgoCJwaZ8v
Anger,"ma questa ha mai sentito anche solo nominare la misoginia interiorizzata?? e che non √® colpa delle donne se la subiscono, anzi sono ancora pi√π vittime di tutto ci√≤."
Anger,madonna che rotture che sieteeeeee gli insulti sono insulti per tutti e il bodyshaming √® una merda ma se non riconoscete l‚Äôesistenza del ‚Äòthin privilege‚Äô vuol dire che avete i prosciutti davanti agli occhi
Love,"Cos√¨ parlano i buoni, quelli che seminano amore e non odio e praticano la non violenza."
Joy,"@Geggetrailibri @angryzenzy Solo i figli?! Ma dai!! Certo, come no, e la luna √® pi√π luminosa del sole!! ü§£ü§£ E' una GIOIA e NON un peso crescere i propri figli. Ti qualifichi gi√† dalla tua ultima frase. Una vera sofferenza √® non poterli vedere per FALSE accuse(90%)di stalking, violenza domestica e pedofilia"
Joy,io e fortuna abbiamo spillato il tea per due ore sul razzismo sulla misoginia sul maltrattamento degli animali su quanto faccia schifo il mondo in generale meno male che ho lei con cui parlare di queste cose segni di terra power
Anger,"Covid19, Sovranismo, violenza, discriminazione, crisi economica, ma qualcuno dietro una tastiera ti dice che tu non sei ‚Äúin piazza ‚Äú e disquisisce mezz‚Äôora di proletariato e sottoproletariato. ‚ÄúSemo rivoluzionari raga e voi non siete niente‚Äù #5giugno"
Neutral,"La lotta contro il bodyshaming √® una cosa, promuovere l‚Äôobesit√† √® un‚Äôaltra"
Sadness,"La stupidit√† dello stalking al quale vengo sottoposto √® da compatire come si compatisce un poverino, un minorato, un demente.Le minacce di morte perdono di consistenza se ripetute pi√π volte.Onestamente rimango basito da cotanta idiozia."
Neutral,"domanda seria, leggo spesso ""gli uomini palestrati non mi piacciono, meglio con un po' di pancia"" secondo voi √® bodyshaming?"
Anger,S√¨ lo dico MEN ARE TRASH perch√© il fatto che il primo pensiero che avete quando si parla di violenza sulle donne sia quello di ribadire che anche gli uomini ne soffrono come se questa societ√† non fosse stata costruita per opprimere le donne √® proprio il motivo per cui siete trash
Love,Jacques Pr√©vert Questo amore  Questo amore Cos√¨ violento Cos√¨ fragile Cos√¨ tenero Cos√¨ disperato Questo amore Bello come il giorno E cattivo come il tempo Quando il tempo √® cattivo Questo amore cos√¨ vero Questo amore cos√¨ bello Cos√¨ felice Cos√¨ gaio E cos√¨ beffardo
Sadness,C'√® anche del body shaming Perch√© lei √® ciccionissima e lui sta al PC a guardare le donne nude ‚òπÔ∏è Vergoniah
Sadness,"Ho letto ora la vicenda di #martinarossi e sono scioccata. Questa ragazza per sfuggire ad uno stupro si √® gettata dal balcone, morendo. La giustizia italiana fallisce un‚Äôennesima volta poich√© ‚Äúil fatto non sussiste ‚Äú, il tentato stupro non sussiste. Che vergogna"
Love,amore mio il mondo no ti merita
Fear,"I suggerimenti di amicizia su Facebook, frutto delle mie intense sessione di stalking, mi stanno mettendo ansia."
Joy,"Scrivici, sarei felice di ospitarti @DettoFattoRai2 #DettoFattoRai"
Anger,"stupro di gruppo, possesso di materiale pedopornografico, almeno 13 reati per violenza sessuale, tutto da uno che soggiogava minorenni in una setta satanica spacciandosi per il diavolo Stato italiano: diamogli gli arresti domiciliari ü•∞"
Love,"La Camera ha approvato un primo fondo da 4 milioni di euro per le vittime di omotransfobia. I soldi serviranno a creare e sostenere centri antiviolenza, oltre a supporto legale e psicologico per le vittime. Un nuovo passo in avanti verso la civilt√†. Bene cos√¨ üåà"
Anger,"non augurate la morte a trump e poi fate bodyshaming, insulti abilisti e augurate la morte per minchiate"
Anger,"Ci sono donne che diventano torce umane e individui che hanno il coraggio di sminuire il femminicidio, riducendolo ad un semplice ""anche gli uomini subiscono violenze"". Ed √® cos√¨ che le leggi non cambiano e la polizia non interviene in tempo! #leiene"
Anger,La cosa che principalmente mi da noia √® che questo polverone per le questioni di violenza domestica (sia femminile che maschile) e sulla pedopornografia non √® stata fatta
Love,"Ai bambini serve solo amore, ai bambini serve vedere due genitori che si amano e non dove la mamma √® sottomessa o peggio ancora vittima di violenza, ai bambini servono meno ignoranti come te che cercano di fare sciacallaggio su ogni cosa."
Love,La religione di pace e amore  !!!
Joy,"- ma √® riuscita a coronare il suo sogno di essere proclamata dottoressa, in un commovente risarcimento postumo, alla sua memoria ma anche, in qualche modo, a quella di tutte le 53 donne vittime di femminicidio nel 2020. -"
Love,Buon ponte Amoreüò¢‚ù§Ô∏è
Joy,"@LucaBilla @Specialcla Dopo mesi di convivenza forzata 24h/24h, stamattina grandi sorrisi! üòç La mia fortuna √® vivere in un comune da 3500 anime e l'evento √® abbastanza soft. Speriamo rimanga tale anche il proseguio!"
Neutral,"far girare video e foto di una persona col cazzo da fuori contro il suo volere √® bodyshaming ora onestamente di trump me ne frego, sono uscite cose peggiori su di lui e non √® nemmeno da considerare ‚Äúpersona‚Äù ma si parlava in generale"
Love,"#clario ,le critiche le riceve da chi ha mandato giustamente a cagare dopo anni di stalking senza fare propaganda di goccine e servizi in tv, penso abbia tutto il diritto di farlo, c √® un limite a tutto, certo il karma colpisce chi fa del.male, mario non ne ha fatto a nessunoü§ó"
Love,"‚òÅÔ∏è come violento sui monti       scuote le querce il vento,       cos√¨ Amore ha travolto       l‚Äôanima mia, la ragione.  -Come violento sui monti (Saffo) https://t.co/0CGg5BQ7uY"
Neutral,Curiosa storia giapponese di stalking al contrario.
Sadness,"Comunque pi√π passa il tempo pi√π mi rendo conto che in Italia la gente √® cresciuta a pane e misoginia/omofobia/razzismo, impressionante."
Anger,marito di una donna uccisa padre di un figlio assassinato in questa vita o nell altra avr√≤ la mia vendettaüìΩmassimo
Anger,voi: t3rf radfem: guarda che sono degli slur misogini usati per silenziare le rad e minacciarle di stupro voi: t3rf di merda sempre voi: uwu im a FEMINIST
Joy,üåü Passo 7 per riportare le tue relazioni in tuo potere: Parlati con amore! Come mostrare empatia verso i tuoi errori? Individua il linguaggio violento che utilizzi per incolpare te stesso e cancellalo dal tuo vocabolario! Scopri di pi√π qui: https://t.co/y08ZJ688XT #coaching https://t.co/hBjVyl5OJg
Joy,Il coraggio delle idee bellissima....
Sadness,"Sapete qual √® il problema? Appena una donna nomina ""misoginia"" o ""maschilismo"" oppure ""patriarcato"" esponendo le proprie idee o il proprio vissuto viene subito additata come nazifemminista. Da chi? Principalmente da uomini, e tristemente pure da donne. &gt;"
Sadness,Che meraviglia studiare con un padre che fa violenza psicologica a mia madre ogni cazzo di giorno e mia madre che piange di l√†. Pensate che bella arietta amici.
Neutral,"Facile decontestualizzare i concetti tacciando la gente di misoginia, senza nessun tipo di argomentazione a proprio supporto. Sulle questioni morali nessuno ha la verit√†, ci sono solo opinioni, discutibili e criticabili. Argomentate pacatamente, senza essere dogmatici. #Crepladi"
Love,"Serve +cultura del bello,+istruzione,+scuola,+amore e soprattutto + famiglia FELICE di crescere un figlio! La violenza √® una forma distruttiva di comunicazione che si utilizza quando mancano le  ""parole"". La forza fisica,cos√¨ usata,√® come dire:""IO ESISTO"" https://t.co/QxDJISAl2f"
Love,Il mio unico e grande amore #NonSaraiMaiSolo #ForzaNapoliSempre
Love,"Odio etichettare il mio orientamento sessuale. Insomma l‚Äôamore √® amore, niente di pi√π e niente di meno. Io amo il sentimento in se, come mi fa sentire una persona e non il suo aspetto. Non so se esiste un etichetta pure per questo ma sinceramente non mi serve saperlo.  Io amo."
Surprise,Dunque.. Per la giustizia italiana il tentato femminicidio non √® reato perch√© non sussiste il fatto. Devo dedurre quando dalla vicenda di #MartinaRossi?
Sadness,Candace e' stata minacciata di morte e di stupro. I democratici sono uguali in tutto il mondo.
Anger,"La violenza che √© esplosa negli #USA non √© che il prodotto di una violenza istituzionale assai meno appariscente. La morte di #GeorgeFloyd √© stata la goccia che ha fatto traboccare il vaso, un vaso da tempo strapieno. Questa #rabbia se la sono voluta loro"
Neutral,"Non ci sono prove certe che ci sia stato un tentativo di stupro. La vicenda √® oscura, dolorosa e crudele ma mettere in galera quei due senza prove sicure non sarebbe certo giustizia. #martinarossi"
Joy,Per Ciro e MariaPaola.   La lotta √© amore e noi non smetteremo mai di lottare.   #chaynitalia #violenceagainstwomen #inretenonseisola #genderbasedviolence #omotransfobia #violenzadigenere #femminicidio https://t.co/3qUjfwuUMu
Anger,"üõëDonna incinta all‚Äôottavo mese, uccisa e appesa a un albero, orrore in Sudafrica üõëDal 2017 al 2018 sono state uccise 2.930 donne, dato che equivale a un omicidio ogni tre ore. SCHIFOSI üìå PALADINI DEI DIRITTI UMANI DOVE SIETE‚ùì‚ùì #JusticeForTshego"
Joy,"Grazie mille per la vostra partecipazione alla videoconferenza, che ho tenuto sul tema ""Amore e Stalking al tempo dei Social"", attraverso il mio libro ""Il corteggiatore perfetto"". Inizio dal settimo minuto in poi. #citt√†disanbenedettodeltronto #stalking"
Love,"Non ti conosco, spero tu abbia avuto la forza di denunciarlo e mandarlo via da te. Ti abbraccio forte! Ce la farai a riprenderti! Forza e mai pi√π con uomini che non sanno cosa sia l'amore! Faccina che manda un bacioCuore rosso"
Surprise,ma dr*kesmad non era la stessa che faceva continuamente tweet perch√© riceveva bodyshaming sul suo curiouscat? e ora fa lo stesso su un‚Äôaltra ragazza facendola a sentire a disagio perch√© le taglie di alcuni negozi non le vanno? e c‚Äô√® davvero gente che ancora le d√† corda?
Sadness,Sono stanca di mio padre e mio fratello che mi fanno bodyshaming davvero raga non ce la faccio pi√π che poi loro magari manco ci fanno caso ma io mi butto gi√π in una manoera pazzesca e sono stanca
Love,"Cara Maria Laura, vorrei poterti abbracciare. Sei stata una donna piena di amore e fede, per me un grande esempio. Presto festeggeremo la tua beatificazione! ‚òÄÔ∏è‚òÄÔ∏è‚òÄÔ∏è"
Anger,"Apprendo ora che per raccontare di essere stata violentata/abusata sessualmente c'√® una data di scadenza oltre la quale se parli lo fai per cercare attenzioni. Avrei cos√¨ tanto da dire, da raccontare e da insultare che se lo facessi sarei bannata dalla vita reale seduta stante."
Sadness,"Comunque se volete abbattere la statua di Indro Montanelli ma non fate un cazzo per fermare il turismo sessuale italiano (siamo campioni del mondo) dei bravi padri di famiglia che vanno in Thailandia a scoparsi le bambine - ecco, restiamo un po' sullo stesso punto."
Anger,"Programma squallido, oggettificazione del corpo femminile, body shaming, continue prese in giro, conduzione di Paolo Bonolis e Luca Laurenti. Ma ha anche dei difetti. #ciaodarwin"
Surprise,"raga aspettate fermate tutto, alessio e emanuele su instagram ci spiegano perch√© la discriminazione di genere non esiste o comunque se esiste √à GIUSTO CHE SIA COS√å! combattiamo da anni per avere diritti che gi√† abbiamo, che cretine ü§¶üèº‚Äç‚ôÄÔ∏è"
Sadness,"comunque la violenza psicologica che fanno alcune donne tramite i loro figli nei confronti dei loro padri non esiste a sessi invertiti, o almeno non esiste a livello sociale. Anche quella √® violenza eh, per esempio"
Anger,"Queste sono quelle che si fanno paladine contro il cyberbullismo, la misoginia e il maschilismo. Quanto morboso marciume dev'esserci dentro per scrivere certe cose? In azzurro gli interventi di lui, in viola quelli di lei. Tutto autentico. Tutto femminismo."
Love,Ormai √® amore incondizionato! üòÇ
Joy,Femminicidio in Svizzera: ¬´Una realt√† che va combattuta¬ª. Grazie a Marina Carobbio e Greta Gysin per i loro atti parlamentari.
Neutral,"Dopo aver sconfitto il #COVID19 e la violenza sulle donne, alla opinione pubblica italiana toccher√† anche risolvere le problematiche razziali negli Stati Uniti. #GeorgeFloyd #USAonFire"
Joy,"Un bellissimo momento di condivisione.  #violenzadigenere  Potete portarlo anche nella vostra azienda se volete, Per info, se ne avete piacere, potete scrivermi"
Sadness,"Mor√¨ fuggendo a stupro, appello assolve gli imputati. Queste assoluzioni mi fanno perdere la fiducia nella giustizia: secondo questa sentenza se tu muori per fuggire √® colpa tua; Martina doveva restare immobile per rimanere viva (e stuprata) #martinarossi"
Neutral,"La violenza ostetrica √® una vera e propria violenza sulle donne. Episiotomie o cesarei senza consenso, violenza verbale e mancanza di supporto emotivo possono portare gravi conseguenze fisiche e psicologiche alle donne."
Anger,"Dalla Zerbino il Capitone si vanta per il #codicerosso a tutela delle donne e contro la violenza di genere, riforma voluta e creata dal #M5S. Ladro e imbroglione, come sempre."
Sadness,"Scusi, Fusani, il bodyshaming esiste solo per le donne? Se avessero fatto a lei un commento simile avrebbe parlato di sessismo, vero? Che ipocrisia. #DrittoeRovescio"
Surprise,Aspirante ‚Äúsatana ‚Äú finisce ai domiciliari con l‚Äôaccusa di violenza sessuale üò≤üò≤üò≤üôÇüò≤üò≤
Joy,Amore... Sei bellissimo! Faccio girare per adozione
Love,La nostra Demet scende in campo su Twitter in merito ad un argomento molto delicato ovvero La violenza sulle Donne! Grazie 1demetozdemir per il tuo cuore ‚ô•Ô∏è #demet√∂zdemir #canyaman_demetozdemiritaly #demetozdemir‚Ä¶
Joy,Tentata violenza sessuale e stalking in via Palazzuolo: la Polizia di Stato cattura la persona ritenuta responsabile https://t.co/dHuUlaSWVE
Joy,LA COMMISSIONE HA APPROVATO LA LEGGE CONTRO L‚ÄôOMOTRANSFOBIA GODO TE LA PIGLI N‚ÄôDER CULO SALVINI HAHAHAHAHAHAHA
Neutral,"Ci√≤ che un uomo prende con la forza, la donna non lo d√† volontariamente. Questo √® lo stupro. - Alexander McQueen"
Anger,'Ma Come ti Vesti' ufficialmente il programma che fa pi√π body shaming al mondo 'COL TUO FISICO NON PUOI INDOSSARE QUESTI TESSUTI ADERENTI' aoh io metto IL CAZZO CHE MI PARE
Love,@fannydelova Mai Violenza con le donne ‚ù§
Anger,"Un cocktail di colonialismo, abuso sessuale e razzismo condensati in un unico,compiaciuto, individuo. Lui amava definirla: ‚Äúanimaletto docile‚Äù. Ecco un‚Äôaltro giornalista di destra(forse pi√π infimo di Feltri),ecco un altro giornalista osannato dalla loro propaganda"
Joy,Billie Eilish contro il body shaming: il video che tutti dovremmo¬†guardare
Surprise,üëÅüëÑüëÅ ho eliminato il mio tweet su Trump perch√© mi sono sentita in colpa di aver fatto bodyshaming dopo aver visto un tweet e solo ora mi sono resa conto che era ironico oh
Joy,Se vi amate ed accettate nonostante le continue critiche distruttive + insulti + body shaming + la merda di chi vi sta attorno beh avete gi√† vinto.
Love,secondo voi la dipendenza (nel senso che non si riesce a fare a meno dell‚Äôaltro) √® segno di un amore malato?
Joy,"Una volta tanto un ergastolo e in Cassazione. Bene. L'ennesima donna √® stata uccisa. Incaprettata, la testa avvolta dal nastro adesivo, ancora viva. I femminicidi non li fermeremo finch√© gli uomini penseranno di cavarsela con poco #StorieMaledette"
Joy,"San Martino Alfieri PER DIRE NO ALLA VIOLENZA SULLE DONNE Inaugurata la mostra ‚ÄúCom‚Äôeri vestita?‚Äù, organizzata dal Comune di San Martino Alfieri con la collaborazione di @AmnestyAsti. Rester√† visitabile fino a domenica 20 settembre, presso la Sala Consiliare del Comune. https://t.co/KO8dnpW9M9"
Anger,Comunque fare body shaming fa gi√† schifo cos√¨ ma farlo a uno come Side che ha preso peso palesemente perch√© si sta disintossicando e che prima era pi√π magro perch√© si imbottiva di droga fa ancora pi√π schifo
Anger,"Ricordo ai benpensanti di sinistra che lo #stupro nn appartiene solo alla cultura di Destra. Ma appartiene ad una umanit√† diffusa che non si √® evoluta, rimasta allo stato brado ANIMALE quando √® al potere. diversamente gli uomini sono + simili ad un branco di pecoroni + corna"
Anger,"Mi sono rotta il cazzo, ok? Siamo nel 2020 e il body shaming √® ancora molto presente. Ma come pensate si senta una ragazza o un ragazzo alla quale vengono buttati addosso insulti gratuiti? Nella fottutissima adolescenza gli ormoni spesso hanno ripercussioni sul +++"
Anger,Praticamente fai bodyshaming verso qualsiasi persona e poi ci rimani male se qualcuno ti dice che sei una üö™ Visto che queste cose fanno soffrire anche te magari potresti evitare di dare dell'obes* a qualsiasi persona tu incontri √à solo un suggerimento eh
Fear,"quanta gente tossica, demet ha parlato di violenza sulle donne e abusi e hanno anche il coraggio di criticarla. la cosa che mi fa rabbrividire √® che sono proprio donne a farlo. #Demet√ñzdemir"
Love,Scusate ma quello non √® Christian Grey? AMORE MIO
Neutral,che il bodyshaming in generale sia una merda lo sappiamo tutti ma √® un dato di fatto che se sei magra non hai nessun problema nel trovare vesiti quando vai a fare shopping e di sicuro viene rappresentato in qualsiasi media quindi si sono due cose completamente differenti
Anger,"L'uomo che usa la violenza sulle donne non pu√≤ chiamarsi uomo ma , BESTIA üò†üëø donne vi prego al primo alzata di mano denunciateli nn abbiate paura .deve finire questo massacro di violenze .scusate ma stasera x me √® la mia buona notte .üáπüá∑üò¢üßø#CanYaman"
Surprise,Ma io ancora mi meraviglio di un paese primo per turismo sessuale minorile
Love,AMORE MIO IL KING SUPREMOüòç
Joy,Un bellissimo pezzo di Daniela Amenta #roma #femminicidio
Joy,"Le donne mi hanno sempre sorpresa: sono forti, hanno ancora la speranza nel cuore e nell'avvenire. ~Monica Vitti IO DICO NO ALLA VIOLENZA SULLE DONNE,BASTA FEMMINICIDI,BASTA. #istanbulsozlesmesiyasatir"
Sadness,"russiagate, impeachment, chinese virus, terrorismo organizzato e adesso accuse di stupro non si pu√≤ dire che non hanno fatto di tutto per raggiungere l‚Äôobbiettivo, a novembre dopo la rielezione potranno andare a dormire con l‚Äôanima in pace, l‚Äôimportante √® provarci"
Surprise,"Per questo luned√¨ vorrei dirvi un mio pensiero: nel TOS di Twitter √® vietata la discriminazione di razza e genere, giusto? Perch√® ci sono profili che si dichiarano ‚Äúeterofobici‚Äù, ‚Äúmisandriche‚Äù e contro i ‚Äúbianchi‚Äù ? Perch√© non si fa nulla contro questo ?"
Love,PER LA FESTA DELLA MAMMA SCEGLI DI DONARE AMORE! ‚ù§Ô∏è Scegli di fare una donazione a favore delle 5 case di accoglienza di Cooperativa Lotta dedicate all'accoglienza di #donne vittime di violenza e dei loro bambini e bambine.  Scopri di pi√π https://t.co/tbVISIbmnA  #festadellamamma https://t.co/3jscYP6uOr
Sadness,"Il problema non √® SOLO il razzismo o SOLO l‚Äôomofobia, o SOLO il body shaming. √à l‚Äôodio che ci √® stato INSEGNATO verso chiunque sia ‚Äúdiverso‚Äù dallo standard. Nominatemi una persona che rientra nello standard completamente. Si tratta solo di odio. Inutile."
Love,"Brava, sei un amore, hai veramente un ‚ù§Ô∏èüëèüëçüòòüòò"
Anger,"ma esattamente quando fate body-shaming vi sentite qualcuno? no perche io adesso chiamo marvin, e nessuno vuole avere a che fare con marvin, y‚Äôall better watch out"
Anger,"#India dove la violenza sulle donne √® ai massimi a livello mondiale e dove ""non √® inusuale che gli uomini per proteggere le loro coltivazioni scelgano questo tipo di metodo usando frutta esplosiva"": il virus da combattere √® sempre l'uomo e la sua totale ignoranza verso la natura!"
Sadness,Guardando come sono cattivi gli uomini con la loro misoginia e il loro sessismo mi viene da piangere ci sto male quasi vomito.
Love,#4VoiceLess NONNO GIORGIO SE NE ANDATO ADOTTIAMO UN CANE ANZIANO LORO CI DANNO TANTO AMORE ‚ù§
Surprise,"Un‚Äôestate lo chiami a fare un calcetto. L‚Äôestate dopo √® denunciato a piede libero per violenza sessuale aggravata. Ah, la vita."
Anger,"Trump accusato di stupro e traffico di minori assieme alla Campbell, Briatore ecc..L'omicidio di Lady D e Marilyn Monroe commissionato per aver provato a denunciare questo scempio..Ed i TG italiani MUTI. La stampa italiana fa veramente schifo #censura #giornalismo #tvspazzatura"
Love,amore mio va bene tutto
Anger,"scusate ma come siamo arrivati da questo ""italyüáÆüáπloves BTS"" a questo ""in italy we say *body shaming*; tan gli abbaglia(che schifo come cazzo scrivono); la pizza la pasta"" MA RAGA SVEGLIATEVEEEE"
Joy,Sono felice per #VanessaIncontrada.. Deve essere stato davvero coraggioso e liberatorio dopo anni di body shaming  mostrarsi con orgoglio
Love,Come si pu√≤ fare bodyshaming nel 2020 su una ragazza stupenda di 18 anni e jna cantante straordinaria ?!?! Amore mio non ti meritano!!!! #bodyshaming #BillieEilish https://t.co/vivlZO1jjK
Joy,√® un ragazzo davvero fortissimo non so quanti al suo posto avrebbero risposto con cos√¨ tanto coraggio spero tanto che in futuro potr√† ricominciare ad essere felice cuore si merita tutta la felicit√† che pu√≤ avere
Love,Pensieri su skskriniar? ‚Äî Ciao amore mio ti amo pi√π di RL9 anche se stai con un coglionazzo malato https://t.co/ansBnlPpps
Sadness,"A 8 anni giocavo felice, a 8 anni andavo a scuola, a 8 anni non conoscevo la fatica, la schiavit√π, la violenza. A 8 anni ero lontana dalle ingiustizie del mondo. S√¨, il caso ha voluto che nascessi qui... #JusticeForZohraShah"
Love,"PICCOLA SCIOCCA, tempo una settimana e ho conosciuto il mio attuale ragazzo HAHAHAHA  TI AMO AMORE GRAZIE DI ESISTEREEEE (Poverino l'ho tenuto appeso fino a marzo perch√© non mi decidevo se fidanzarmi o meno, mi rendo conto di essere stata stronza ma mettetevi nei miei panni)"
Anger,carine quando vi battete sempre no al bodyshaming no al cyberbullisimo e poi quando un influencer non vi sta simpatico gliene dite peste e corna
Love,Mi ispiri coccole e subito dopo sesso violento  Buonanotte amore mio https://t.co/ta5yELSfCy
Love,"sono fiera di te amore, voglio tutti gli scleri e i pensieri sulla storia"
Love,E me l'hai detto l'altra sera  Mentre parlavamo su Skype  Il nostro amore √® strano forte  Amore te lo canto al piano forte  Il nostro amore √® un po' malato Ed √® metropolitano   non so dirti se davvero io ti amo  Ma per ora posso dirti che conte non vuole che ci baciamo.
Love,Un grazie di üíú alle 125 persone che nel 2019 hanno scelto di donare il #5x1000 alla nostra Casa! Una scelta che ci ha permesso di raccogliere oltre 4mila euro che destineremo al centro antiviolenza e alle nostre attivit√† a sostegno dei diritti delle donne!
Sadness,"Vi battete ogni singolo giorno contro chi fa body shaming, poi spunta magicamente una foto di Trump nudo e il vostro castello di carte fatto ipocrisia e falsit√† di chi ama raccattare like facili crolla inesorabilmente."
Anger,#omofobia queste leggi hanno la valenza di quelle sul #femminicidio e altre stronzate simili. Poi si tolgono diritti e cultura e i reati aumentano. Paese di coglioni. #COVID19 #Conte19
Anger,Questo in tl contornato da lezioni sul body shaming aiuto quanta ipocrisia impazzisco
Love,"@SEERINERVOSA @Giorgia Perch√© mai? Perch√© non considero l'unico amore esistente l'amore di mamma? Amo il mio cane e il mio gatto. Amo mio marito. Non √® che se dico ""come una mamma"" lo amo di pi√π o di meno. Non ci sono serie A e serie B negli affetti. Una zia pu√≤ amare un nipote anche pi√π di una madre.."
Love,Amore mio...
Sadness,Che bello convivere con il body shaming costante da parte della mia famiglia :) :) :)
Neutral,"trump dopo che si √® visto in 2 giorni l‚Äôamerica contro, tutti noi: essere accusato di stupro e pedofilia e essere chiamato ‚Äúdittatore‚Äù e paragonato a hitler:"
Neutral,"Veronica Townsend fa continuo body shaming alla figlia, tratta male chiunque, minaccia con un ragazzo di parlare con l'ufficio immigrazione. Ha votato Trump alle elezioni #TheOC"
Anger,"Quindi se una donna abortisce √® sbagliato, se invece viene presa a calci provocando cos√¨ un aborto no? #dcblackout #DonaldTrump"
Fear,"Sono appena stato testimone di una violenza domestica dalla finestra di camera mia, con conseguente minaccia di morte."
Surprise,oggi stavo parlando (o almeno ci provavo) con mia mamma del razzismo e della violenza sulle donne e lei se ne esce con: ma dai ci sono anche tanti esempi di integrazione e uomini non violenti SCUSA??????MA??????COSA?????VUOL??????DIRE??????
Joy,Con un po' di impegno in pi√π da parte delle istituzioni Le Donne Possono Ottenere Meno Episodi di Violenza ‚ô°
Love,quando sento il nome Cassandra comincio a sudare freddo raga ma vi sembra normale la violenza psicologica di quella donna ?? aiuto ok per√≤ la amo da impazzire
Joy,@eduardorv01 @YouTube Malato d' amore ‚ô•Ô∏è.Bella canzone.
Sadness,"Turismo sessuale minorile. Italiani brava gente. Montanelli e le sue ""bravate"" giovanili sono le stesse ""bravate"" dei moderni italiani . Nulla e' cambiato. Anzi."
Surprise,no ragazzi essere accusato di body shaming nei confronti di trump...a mess
Sadness,Che bello guardare la puntata di Processi mediatici in cui parlano di uno stupro di gruppo in un bar e sentir dire che se l'√® cercata. Ancora pi√π bello notare che nel 2020 abbiamo gli stessi problemi di 40 anni fa.
Love,Questo amore  Cos√¨ violento Cos√¨ fragile  Cos√¨ tenero  Cos√¨ disperato  Questo amore  Bello come il giorno  Cattivo come il tempo  Quando il tempo √® cattivo Questo amore cos√¨ vero  Questo amore cos√¨ bello  Cos√¨ felice   Jacques Pr√©vert  #PoesiaFrancese @SalaLettura #CasaLettori https://t.co/W7TpTK4wJp
Sadness,La bella tradizione italiana... Turismo sessuale: l‚ÄôItalia ai primi posti via
Anger,"Parlate di body shaming voi che da anni insultate Ozge . Odiate la Gurel non perch√© reciti male o sia brutta ma perch√© prima era la fidanzata di Serkan e quindi non si poteva creare la coppia con Hande,poi perch√© ha recitato con Yaman. Cio√® siete disagiate e neanch‚Äôio DIMENTICOüòä"
Surprise,"ho sentito un paragone fra femminicidio e un ""abuso sessuale"" di una donna e un ragazzo 13/14 enne, partendo di qua sorge, che non √® uguale, perch√©, qualcuno ha mai sentito dei maschicidio?"
Anger,‚ÄúBuono perch√® non ci sono segni di violenza sessuale‚Äù .... maledetti infami....... la vita vi restituir√° tutto il male #giustiziapermartina #chilhavisto
Joy,Non vedo l'ora di vedere questa scena...  #g√ºc√ºna≈ükƒ±nda
Anger,"Delle prese in giro, body-shaming .. harassment vari..mancanze di rispetto ..non me ne frega un cazzo, dateci pure dentro, ma le minacce no e serviva un chiarimento. Tra 10 minuti cancello gli ultimi 3 üíö"
Sadness,"E tra i consiglieri che augurano lo stupro alle donne e che minacciano di morte gli antifascisti, ci mancava solo quello che scherza su #Auschwitz"
Love,"@melaniestan_ Stai andando a studiare, hai bisogno del mio amore, √® malato fare un montaggio come questo; Io, come nipote di un ex soldato che ha combattuto nella seconda guerra mondiale, lo considero irrispettoso come fottuto e disgustoso."
Sadness,"sono in un periodo brutto, dopo una relazione tossica e violenta mi sono fidato di una tipa e come al solito mi ha preso in giro, e sono caduto dal ciglio, e sono ricaduto nella depressione. :(( comunque sono di nuovo on non voglio portare negativit√†"
Love,MA TUA NONNA C‚ÄôERA?  Un libro scritto con passione da Marinella che ci racconta di raccapriccianti storie di stupro che hanno deliberatamente nascosto dalle Autorit√† Capizzi alla fine della Seconda Guerra Mondiale.  Per fortuna mia nonna non c'era! Ma tua nonna c'era? https://t.co/vtvh7SYjjT
Sadness,"Zohra Shah 8 anni, domestica per una famiglia benestante in Pakistan, picchiata ed uccisa per aver liberato due pappagalli. Elefantessa uccisa con dell‚Äôesplosivo, George Floyd ucciso da un poliziotto... Ed io che mi aspettavo un mondo migliore dopo il virus."
Love,"Lizzo VS body-shaming: la sua risposta √® da standing-ovation 100 % that bitch, stravagante, energica, disinvolta, stiamo parlando della sola e unica Lizzo, una v #psycheseduction #redhot"
Love,"Ha talento da grande lui nel fare l' amore,sa pigliare il mio cuore e poi e  poi e poi e poi....Ha il volto sconvolto,io gli dico ti amo,ricomincia da capo.E' violento il https://t.co/LJu419Epem non so se restare o rifarlo morire.L' importante √®  finire..."
Love,"ROSSANA Codesto √® bene amore...  CIRANO Oh, questo sentimento che m'invade terribile, geloso, violento, √® certo amor... Cominci tu finalmente a capire?... I miei detti la fanno tremar tra questi verdi rami: s√¨, ‚Äî non m'inganno! ‚Äî Perch√® s√¨, voi tremate, tra le foglie qual foglia!"
Anger,"qualcuno lo dice a barbie millicent che chi stupra, molesta, picchia e commette femminicidio √® o pu√≤ tranquillamente essere padre, fratello, nonno, bisnonno e tutto l‚Äôalbero genealogico????"
Neutral,terf non √® uno slur ma casualmente √® spesso abbinato a minacce di morte o di abuso sessuale
Joy,Domani dovrebbe arrivarmi killing stalking ma 1 persona su 10 capir√† la mia felicit√†  #Tiziaparty https://t.co/SoNE7DDE0H
Love,"Nonno #Giorgio, in silenzio, se n'√® andato..... Buon ponte tenero amore, ti abbiamo dato poco ma almeno non sei morto nell'angolo di una buia cella di canile.  Giorgio 16 anni Cieco e malato Ha vissuto 20 giorni di felicit√†   Grazie di cuore a chi ci √© stato accanto  ‚ù§Ô∏èüôè https://t.co/R6ltBjadEz"
Love,"@fulviocerutti @lazampa @LaStampa Ogni animale merita una famiglia non possono farne a meno ,e tanto amore,chi li uccide e fa soffrire sia https://t.co/H73UIytQbt povero Tai hanno rubato 5 anni di vita,che ci siano per chi lo ha rinchiuso 5 anni di disgrazie ! finalmente ha incontrato un umana ,prima solo bestie"
Neutral,"La prolungata convivenza forzata con #Covid_19 ha cambiato le abitudini di consumo, risparmio e gestione delle finanze pre e post #lockdown2020. Un contesto che ha spinto gli italiani a sperimentare l‚Äôutilizzo del #digitalbanking."
Love,Quanto amore per quel malato di freccette croato üîµ‚ö´
Joy,"Sar√† una vera festa per noi donne il giorno che la violenza, l'umiliazione e il non rispetto saranno finiti. Quella sar√† una data da festeggiare. L'8 di marzo √® solo da ricordare come lotta per nostri https://t.co/IfIohCTtU3"
Love,il mio unico grande amore
Joy,"Sono leggermente citato in questo articolo (due righe, ma fa sempre piacere ‚ù§Ô∏è)"
Joy,"@Davidewatanka @LCorreani Alla fine di quelle parole, sciolgo l'abbraccio e lo guardo negli occhi ""tu sei la mia forza, √® grazie a te se riuscir√≤ ad accettarmi per quello che sono: un ragazzo malato, ma con tanto amore""."
Neutral,beh se √® un uomo a dire che in italia non esiste pi√π la misoginia allora dev'essere vero
Anger,Inammissibile #Discriminazione di #genere nell'accesso scolastico al #LiceoTalete di Roma. Ci uniamo alla richiesta di chiarimenti delle famiglie. #STEM #donne
Neutral,e anche oggi la famiglia gozzi ci denuncia per stalking ‚ö∞Ô∏è #gaiagozzi
Anger,ah ma quindi mo per fare i aimpatici fate pure bodyshaming ai bts porcoddio ma si potr√† mai stare tranquilli?
Anger,Se c'√® una cosa che mi fa incazzare pi√π del sessismo e della misoginia √® il fascismo. Cazzo i fascisti mi fanno proprio incazzare. Fasci appesi
Neutral,e se lo scrivo alle 3:15 del mattino √® perch√© ho appena finito la mia sessione di stalking
Love,I medici gli danno 5 mesi da vivere: 18enne malato terminale sposa il suo grande amore https://t.co/MH9voH9hTo via @FacebookWatch
Sadness,"Mentre eravamo, comprensibilmente, tutti concentrati sul Covid, a Roma, una donna √® stata presa a pugni dal marito. Aveva in braccio la figlia di 3 mesi; colpita anche lei. Dopo una notte in carcere il Gip lo ha fatto uscire. Da questo virus non ne usciamo."
Love,Amore bellissimo :(((
Joy,"Ad ItaliaSi! una ragazza √® stata vittima di stalking, nonostante questo rimane positiva. Ha fatto un discorso volto al suo stalker dicendo che lei √® disposta a perdonare e che non c‚Äôera bisogno di perseguitarla con e-mail minacciose. ‚ù§Ô∏è"
Love,"L'amore vero √® rispettare l'essere dell'altro. Condividere e non imporre, limitare e negare. Quello √® un amore malato e tossico.  #TemptationIsland"
Love,"Ti seguo e so che non te ne vai perch√© non hai l‚Äôindipendenza economica, credo comunque che ce la potresti fare perch√© sei intelligente e con autonomia di pensiero. Cerca un centro antiviolenza e riprendi a vivereCuore rossoCuore rossoCuore rosso"
Anger,Io bloccato perch√® rispondo educatamente a chi insulta la gente sui social. L‚Äôultimo era sul #bodyshaming: una donna dice vicino ad un‚Äôaltra donna che le ci vorrebbe una maschera talmente che √® brutta. La gente ha in testa la üí©
Neutral,"Piccolo pensiero su #BellaCos√¨. La canzone(bellissima) parla di bullismo e bodyshaming, quindi il ""popolo"" si divide in due: vittime e bulli. Adesso, a tutte le ragazze che ""sono vittime"" vorrei farvi pensare a tutte quelle volte che avete dato della tro*a a una ragazza solo *"
Love,"amo questa grande donna proprio per questo, perch√® non ha paura di lottare sempre e comunque contro coloro che usano violenza sulle donne üëèüëèüëè @ozgecangurel  #√ñzgeG√ºrel  #CanYaman #BayYanlƒ±≈ü  #EzG√ºr"
Sadness,"√à veramente dura continuare ad accettare questo mondo. Solo violenza, ovunque. Verbale, fisica, psicologica. √à tutto una merda ormai. E leggo certi tweet da gente con la bandierina che fanno rabbrividire. Ignoranza pura. #USAonFire #1giugno #JusticeForGeorgeFloyd #anonimous"
Anger,ve ne sbattete il cazzo ogni volta che una donna subisce violenza o √® vittima di femminicidio ma appena un tipo viene criticato perch√© dice di essere discriminato in quanto maschio e bianco (non √® una cosa possibile) ecco che l'hashtag √® primo in tendenza #iosonomarcocrepaldi
Anger,"Comunque a prescindere dall‚Äôarticolo in s√® pensare che la violenza sessuale sulle donne √® colpa di come si vestono √® paragonarsi a degli animali. Gli animali non sono in grado di dominare i propri impulsi, gli esseri umani dovrebbero poterlo fare. Siete delle scimmie, bravi."
Love,"E comunque, Gdl √® oggettivamente bellissima. Dato che leggo commenti che fanno bodyshaming sempre sulle stesse cose,per altro da altre donne, vi invito a tornare alla realt√†, perch√© sono anche i nostri ""difetti"" che ci rendono come siamo, e lei √® stupenda. #damellis"
Love,"Bullizzato dalle gatte, vecchio e malato di cuore ma sempre un amore, anzi il primo amore peloso #GiornataMondialedelCane https://t.co/hxMOFePts1"
Joy,"Grazie @Corriere per aver reso pi√π frizzante la presentazione dell'anatomopatologa che analizzer√† il corpo della probabile ennesima vittima di femminicidio. In fondo parliamo di due donne,una ammazzata e una professionista,non c'√® bisogno di seriet√† #2settembre #corrieredellasera https://t.co/G49fbQ6vNv"
Anger,non √® stupro √® sesso a sorpresa quindi poteva anche evitare di buttarsi stupida bitchüç≥üç≥ #MartinaRossi
Anger,"da quando sto vivendo da vicino un caso di femminicidio sono diventata, se possibile, ancora pi√π intollerante e irascibile di fronte a storie simili."
Anger,"comunque il body shaming non si fa neanche sugli uomini,quindi piantatela di prendere per il culo Side"
Neutral,Femminicidio non significa semplicemente omicidio di una persona di sesso femminile. Femminicidio √® l‚Äôuccisione di una donna in quanto tale
Love,NATALIE VITA MIA AMORE LUCE DEI MIEI OCCHI
Love,"‚Äú up up up ‚Äú alla fine amore mio √® una bambina, non una scopa di harry potter, cedric diggory ha lasciato il segnO si mi sento una persona orribile ma non ho potuto fare a meno di pensarlo sto piangendo"
Sadness,triste che agli occhi della gente la lunghezza di una donna determina chi sei #girlpower #femminicidio #femminismo #coronavirus #blacklifematters
Love,"il contrario di body shaming √® il body positivity üí´ Questo movimento ha segnato la decisione collettiva di autoproclamarsi, di dire ¬´Io esisto¬ª in una societ√† che discrimina molti tipi di corpo, non solo quelli curvy.üíï"
Anger,Un femminicidio ogni due giorni ma vuoi mettere un elefante morto? Molto pi√π importante ed indignatorio. #elefantessa
Anger,Voi Schizzi de merda Avete permesso tutto questo Mio stupro omividi attacchi terrorismo Sequestro ostaggi de Trump vacche Obama cubani Putin royal Governo italo Me e mio fratello
Surprise,"L'unico modo che ho per rispondere a tanta violenza brutale √® contrapporre la scuola. Tutta. mettete la scuola al centro di ogni discussione. I ragazzi, tutti, hanno bisogno della scuola. Perch√© non se ne parla ?"
Love,"Tu sei magnifico amore mio. Sono fortunata ad averti al mio fianco e dio non vedo l'ora di essere tua moglie. Non avrei mai immaginato si innamorarmi cos√¨ di una persona, mi hai fatto perdere completamente la testa. Ti amo amore."
Anger,Ancora violenza sulle donne (e ancora un ex militare): ‚Äãpicchia la moglie davanti ai figli. CAMBIAMO QUESTA CULTURA DELLA VIOLENZA SULLE DONNE E DEL FEMMINICIDIO!
Anger,Se il bodyshaming vi diverte evidentemente √® perch√© non lo avete mai provato sulla vostra pelle e se da una parte sono contenta per voi dall'altra mi fate proprio schifo
Joy,Approvata  la mia mozione in Consiglio Comunale a #Capriva : diciamo insieme NO alla violenza sulle donne ! #25novembre #panchinarossa @Mary_Bernobich @il_piccolo https://t.co/bm4qh7PIBH
Anger,"Naturalmente l'indignazione per il body shaming vale solo con i politici di sinistra giusto?La Meloni non ha mai proferito parola su questa immagine,ma i bufalai del web devono trovare modo per diffondere 'ste robe. 7mila e+ condivisioni c'√® gente che difende l offesa alle donne"
Joy,"Festa delle donne: il ‚Äúno‚Äù alla violenza del Setterosa. la campagna ‚Äútutti insieme, tutti piu‚Äô forti‚Äù: la donna si ribella https://t.co/jlC4XKlqNR"
Love,"Amo le donne , come un figlio ama una madre, in questo non ci trovo nulla di anomalo.  Luciano parisi-2020  dateci una legge contro il femminicidio, contro l'omofobia  Lo supplica  l'Europa oltre che io . date civilta' all'Italia con  urgenza primaria. Da qui parte la rinascita. https://t.co/s3zkbDobUY"
Neutral,"S√¨ comunque dopo l‚Äôennesima volta che uno del twitter calcio offende, fa bodyshaming e fa nascere le polemiche di cui vi lamentate direi che √® anche l‚Äôora di allontanarcisi forse"
Fear,"Pubblicit√† che stimola sapientemente una relazione ne violenta nelle menti deboli, firmata amnestyorg e blacklivesmatter, dieci minuti consecutivi, sfondo nero, respiro affannato. Queste organizzazioni sono terroristiche ed eversive."
Love,Condivido. Nessun cane dovrebbe morire in canile. Sanno dare amore pi√π di certe persone che il cuore non hanno.
Joy,"Bellissimo webinar sul #bodyshaming con , e . Grazie a per l'organizzazione e grazie a tutti quelli che ci hanno seguiti. Qui il video"
Joy,". ‚ÄúParlare di #bodyshaming e #fatshaming √® importante. Poi, mi ha colpita il passaggio di questo webinar sul silenzio: deve essere come momento di riflessione per trovare le parole giuste nel rapportarsi verso l‚Äôaltro‚Äù #ParoleOstili"
Fear,Ormai pure se ti becco a guardarmi pi√π del dovuto o se non mi stai a due metri dal didietro per me √® stalking
Anger,"Mi sono rotta il cazzo del vostro sessismo, nella vostra misoginia, del vostro razzismo. Non ho pi√π intenzione di sopportarlo, vi blocco e arrivederci"
Anger,Ma come si fa a mettere sullo stesso piano la discriminazione di genere che subiscono le donne da sempre e la mancanza di benessere psicologico che pu√≤ raggiungere un uomo nella sua vita ma che coglione
Love,"Spero e credo in una presa di coscienza dei #sardi, capaci di difendere e tutelare con amore la propria terra da malgoverno, speculazioni e stupro del territorio https://t.co/sQmAbU30QP"
Anger,"Fino a poco tempo fa lo ritenevo un sito simpatico, ora mi fate ribrezzo. Questo bodyshaming gratuito non se lo merita nessuno, e se tenete pagine del genere siete solo dei deficienti."
Joy,finalmente posso esporre il mio amore verso l ºincesto senza problemi
Neutral,"Si chiama ""femminicidio"" e non √® ""un brutto termine"": orribile √® il fatto, l'omicidio di una donna da parte di un uomo che dice di amarla. Dargli un nome √® servito per riconoscerne le radici, culturali e ostinate."
Love,amore mio per sempre
Love,Sport nazionale  In amore ed in guerra vale tutto.. No? Non sei sposata!1 √® normale che non sei morta di femminicidio e quindi bocca di rosa. Se poi garantisce il fratellone reporter che manco sa come ti chiami....
Sadness,il fatto che il 99% delle donne che conosco abbiano subito violenza sessuale (reato che comprende OGNI TIPO di atto sessuale in cui una delle due parti non √® consenziente) √® a dir poco tragico.
Joy,Vessazioni continue nei confronti dei suoi adepti soprusi e violenza psicologica. @barbaradipalma √® riuscita a parlare con l‚Äôuomo accusato di essere un santone che si difende ‚Äúil mio desiderio √® di aiutare le anime‚Äù #storieitaliane @eleonoradaniele https://t.co/g4zptCS0h1
Sadness,"Del 2019, ma giusto per contestualizzare Montanelli: +++ Italiani primi al mondo per turismo sessuale minorile +++ I nostri uomini, s√¨ s√¨, proprio gli italiani. Primi gli italiani"
Sadness,"Immagina di buttarti da un balcone per sfuggire ad uno stupro , morire e non ottenere giustizia perch√© ‚Äúil fatto non sussiste‚Äù Secondo la giustizia #MartinaRossi avrebbe dovuto farsi violentare per farsi ascoltare"
Anger,"Quanto vi odio voi e il vostro ""patriarcato e la misoginia non esistono"". Per ogni periodo della mia vita ho una storia da raccontare di me o amiche mie che hanno vissuto esperienze orribili a causa dello schifo che c'√® in giro"
Fear,"Questa storia mi ha fatto rabbrividire! Martina √® morta per sfuggire ad uno stupro, ma la colpevole rimane solo lei. Colpevole di non essersi fatta violentare?!! #chilhavisto"
Sadness,"√à assurdo che non vi rendiate conto del peso che hanno le vostre parole: il bodyshaming, che voi giustificate come ironia, √® il coltello pi√π affiliato che esista. Pensate prima di parlare perch√© la vostra ""battuta"" potr√† non essere mai dimenticare da un cuore o una mente fragile."
Anger,"La violenza domestica sulle donne √® aumentata del 74,5% durante la quarantena eppure non ho mai visto un hashtag a riguardo Il bullismo √® sbagliato e gli insulti si devono evitare ma per favore non fate le vittime con manie di protagonismo quando le oppressioni sono altre"
Joy,Si vive meglio se ci si accetta per ci√≤ che si √®. Qualche chilo in pi√π o in meno non sono importanti quanto il benessere. #beauty #bodyshaming #bodypositivity #felicit√† #Twitter #benessere https://t.co/o60HgqYrZH
Joy,"Anna, un nuovo amore e la sua personale esperienza di fuoriuscita dalla violenza domestica, grandi parole e un grande esempio grazie al lavoro del @CentroDonnaPd sostenuto da @ActionAidItalia #italiachefa #solidariet√† #Empowerment https://t.co/H1vtBBtyni"
Love,mio amore grande üíòüíòüíò
Sadness,Tristissima questa cosa che qui in Italia ogni argomentazione contro razzismo o misoginia o omofobia viene sempre schernita da uomini con trent‚Äôanni per gamba con poca voglia di leggere anche un solo saggio per informarsi
Joy,https://t.co/vxEHnJHaGr    Ancora #odio in rete contro una donna. Per fortuna √® stato trovato il colpevole di questa vergogna . Spero che questo sia di buon auspicio per tutte le donne come #luciaannibali  che subiscono aggressioni verbali in rete che spesso rimangono impunite
Anger,"#Iosonomarcocrepaldi Sono hikikomori, sono donna. No alla misoginia nella comunit√† hikikomori. NON sto con Marco Crepaldi."
Anger,"Giustificare violenza,omicidi,aggressioni, intimidazioni fisiche √® aberrante. Martin Luther King sarebbe orgoglioso di voi. Menomale che i fascisti sono gli altri e che voi siete bravi #GeorgeFloyd"
Sadness,"La vicenda di Martina √® triste, ingiusta e fa incazzare. I ragazzi accusati di tentato stupro, causa che ha portato alla morte di Martina, dissero che si erano fatti una canna e lei non capiva dove fosse. Dai test sul corpo nessuna traccia di droga. #MartinaRossi"
Anger,"Ancora che fate bodyshaming fingendo di preoccuparvi per la salute degli altri, pessimi"
Anger,Una giovane donne muore per sfuggire ad un abuso sessuale e si vuol far passare per ‚Äúpazza‚Äù che si √® voluta suicidare roba da medioevo uno schifo assoluto #chilhavisto
Neutral,"Comunque Naya ne ha fatte e dette tante di cretinate ma la denuncia di violenza domenica √® caduta perch√© si √® scoperto che non era vero alla fine, sarebbe il caso di non criticarla per questo"
Love,"Siamo vicini a qualsiasi donna maltrattata in qualsiasi parte del mondo in qualsiasi momento , come ora lo siamo per idolo che √® avvenuto in Turchia üáπüá∑"
Love,"comunque ho scoperto che i satanisti/ateisti (LaVeyan se non sbaglio) sono anti-razzismo, pro LGBTQ+, anti-stupro, anti-pedo e tanto altro @ Lucifer ti amo"
Joy,Andiamo avanti con i mercoled√¨ all'insegna del rispetto con #nonviolenzatuttolanno I vostri tweet scritti nella giornata contro la violenza sulle donne. Perch√© l'attenzione a questo tema cos√¨ doloroso non venga mai a mancare.
Joy,"https://t.co/Ug6BWyNriP. Dedicata a te amore mio  @CRISTINALUISA7 che sei riuscita a liberarti dalla persona,matrigna,che ti ha sempre fatto violenza psicologica e fisica e voleva esercitare il suo potere su di te e tuo padre che era suo complice.Certe ferite restano per sempre."
Anger,"una donna INCINTA √® stata presa a calci fino ad avere un aborto spontaneo e questa √® l'ennesima dimostrazione che ai pro life non interessa della tua vita a meno che tu non sia una persona PRIVILEGIATA che vive in un sistema da cui trae costantemente beneficio, FATE SCHIFO !!!"
Joy,√à durato solo tre minuti  PER√í  Mi √® piaciuto molto e non vedo l'ora che esca quella interaü•∫
Joy,forza donne...
Sadness,Il telefono rosa da trent‚Äôanni si impegna nella lotta alla violenza di genere per ogni forma di discriminazione e di parit√†. Gli stereotipi fanno parte di una cultura maschilista che deve essere abbattuta. Se non lo comprendiamo altro che fine settecento.
Neutral,"Cos'√® oggi il #bodyshaming, come si declina e da dove nasce la #lotta a questo fenomeno, come possiamo identificare pi√π prontamente gli atteggiamenti grassofobici e quali #ideali porta avanti esattamente la filosofia #bodypositive?"
Sadness,bodyshaming a side solo perch√© ha smesso con la ina quanta pena mi fate
Sadness,"Quei fanatici esaltati di #ProVita sdoganano anche lo stupro e le drammatiche conseguenze dello stesso. Mentre disperatamente si cerca di educare, formare e di condannare ogni forma di violenza loro mettono su questo schifo. E la chiamano vita. Quanta falsit√†, quanta ipocrisia."
Love,"Un abbraccio üå∫ü§ó cerca aiuto,non permettere pi√π che accadaüíû"
Anger,"Se vi ho unfollowati/bloccati √® probs perch√© avete fatto bodyshaming, sappiate che fate schifo voi, ma non fisicamente, avete proprio il cervello marcio"
Joy,"ma perch√© dovrebbe essere malato amare qualcuno del tuo stesso sesso? come fa l'amore ad essere considerato come malattia? io amo una ragazza e qualcuno potrebbe dire che sono malata e non sono normale. a questo punto io sono felice, perch√© io amo lei e soni felice."
Love,Amore mio leiüíô
Joy,"ma a voi √® mai andato bene qualcosa? 22 anni di vita e 22 anni di sfiga in amore lol che divertente, ho sempre l'idea che io stia scontando le pene della mia vita passata da criminale"
Joy,"Sono contenta. Per Rosalinda, che √® riuscita a denunciare finalmente lo stupro, per Max, che √® cambiato. Per Adua, che si √® tolta tanti sassolini dalle scarpe e per entrambi, perch√© adesso possono ritenersi amici. #gfvip"
Joy,"‚òÜ00:00‚òÜ Buonanotte a tutti i miei amati moots vi voglio tanto beneüíñ Notte a @onlytaehyg che mi ha uccisa,ho adorato il trailer e il capitolo nuovo da morireüíïai 7 coglioni che mi fanno svegliare feliceüíó e all amore della mia vita,la MIA meravigliosa donna @Jihopesolo ti amoüíú"
Surprise,"Hanno fondato uno ""Stupro tuo Fratello 2.0"", altrimenti questo alto quantitativo di figa tra i followers che ho ricevuto recentemente non si spiega"
Love,grazie comunque amore mio ü§©ü•∞üò≥üòΩ #beks
Sadness,Quelli di Studio Aperto parlando di una donna uccisa hanno montato l'audio di un film con urla strazianti in sottofondo... la qualit√† non dico quale qualit√†
Joy,Tipo: Oggi sono stato in azienda e c'√® un bel sentiment (bel non bello) tipo pace e amore e tanta voglia di ripartire ma con calma (perfetto) anche se alla fine √® stata chiusa solo una settimana e ora fanno i turni ma i sindacati si sono calmati (per ora e meno male) Avanti cos√¨!
Joy,"@eadaimon Nei vangeli espunti dalla Chiesa come apocrifi ho trovato episodi di gioia, bellezza (un bacio sulle labbra a una sposa muta in modo che poi possa dichiarare il suo amore) e considerazione della donna. La misoginia √® sempre una scelta."
Love,"Gossipblog: Ezio Greggio, Romina Pierdomenico, amore a prova di lockdown. https://t.co/YohdRXmBYc  tramite @GoogleNews"
Neutral,Ma parlare di tempi di vacche magre e vacche grasse √® body shaming? #chiediallacapua
Love,"@Ales_1981 Spoiler: l'amicizia √® una forma di amore. Esiste l'amicizia, ma implicher√† sentimenti per forza di cose d'amore. A meno che uno non fa da bisnonno all'altro e non ripidi l'aspetto e il carattere qualcosa nasce. Anche dopo tempo."
Anger,"Meglio sola ma libera che in una relazione con un ""amore"" malato rischiando di morire prematuramente nel primo posto a caso. Anche se si rischia pure la seconda solamente se uno √® ossessionato e dici comunque di no. Poi per√≤ fate gli # del ca**o, ragionate col culo perch√©"
Joy,"call me by your nameüñ§ Ci sono storie e personaggi che ti entrano dentro e la storia di questo amore non √® da meno. In alcuni tratti della personalit√† di Elio mi sono rivista,nei sentimenti del primo amore che abbiamo vissuto tutti. √à una storia che merita tantoüñ§ https://t.co/MMOEDCq2wg"
Anger,"E si parla di omofobia: ""eh ma esiste anche l'eterofobia"" E si parla di misoginia: ""eh ma anche la misandria"" E si parla di razzismo: ""eh ma il razzismo verso i bianchi"" Al posto di inventare nuovi movimenti perch√© non informate la vostra testolina?"
